# z  x_e  x_H  x_He  Tmat
  9990.00  0.116786159205397100E+01  0.100000000000000000E+01  0.100000000000000000E+01  0.272254750000000022E+05
  9980.00  0.116786159205397100E+01  0.100000000000000000E+01  0.100000000000000000E+01  0.271982250000000022E+05
  9970.00  0.116786159205397100E+01  0.100000000000000000E+01  0.100000000000000000E+01  0.271709750000000022E+05
  9960.00  0.116786159205397100E+01  0.100000000000000000E+01  0.100000000000000000E+01  0.271437250000000022E+05
  9950.00  0.116786159205397100E+01  0.100000000000000000E+01  0.100000000000000000E+01  0.271164750000000022E+05
  9940.00  0.116786159205397100E+01  0.100000000000000000E+01  0.100000000000000000E+01  0.270892250000000022E+05
  9930.00  0.116786159205397100E+01  0.100000000000000000E+01  0.100000000000000000E+01  0.270619750000000022E+05
  9920.00  0.116786159205397100E+01  0.100000000000000000E+01  0.100000000000000000E+01  0.270347250000000022E+05
  9910.00  0.116786159205397100E+01  0.100000000000000000E+01  0.100000000000000000E+01  0.270074750000000022E+05
  9900.00  0.116786159205397100E+01  0.100000000000000000E+01  0.100000000000000000E+01  0.269802250000000022E+05
  9890.00  0.116786159205397100E+01  0.100000000000000000E+01  0.100000000000000000E+01  0.269529750000000022E+05
  9880.00  0.116786159205397100E+01  0.100000000000000000E+01  0.100000000000000000E+01  0.269257250000000022E+05
  9870.00  0.116786159205397100E+01  0.100000000000000000E+01  0.100000000000000000E+01  0.268984750000000022E+05
  9860.00  0.116786159205397100E+01  0.100000000000000000E+01  0.100000000000000000E+01  0.268712250000000022E+05
  9850.00  0.116786159205397100E+01  0.100000000000000000E+01  0.100000000000000000E+01  0.268439750000000022E+05
  9840.00  0.116786159205397100E+01  0.100000000000000000E+01  0.100000000000000000E+01  0.268167250000000022E+05
  9830.00  0.116786159205397100E+01  0.100000000000000000E+01  0.100000000000000000E+01  0.267894750000000022E+05
  9820.00  0.116786159205397100E+01  0.100000000000000000E+01  0.100000000000000000E+01  0.267622250000000022E+05
  9810.00  0.116786159205397100E+01  0.100000000000000000E+01  0.100000000000000000E+01  0.267349750000000022E+05
  9800.00  0.116786159205397100E+01  0.100000000000000000E+01  0.100000000000000000E+01  0.267077250000000022E+05
  9790.00  0.116786159205397100E+01  0.100000000000000000E+01  0.100000000000000000E+01  0.266804750000000022E+05
  9780.00  0.116786159205397100E+01  0.100000000000000000E+01  0.100000000000000000E+01  0.266532250000000022E+05
  9770.00  0.116786159205397100E+01  0.100000000000000000E+01  0.100000000000000000E+01  0.266259750000000022E+05
  9760.00  0.116786159205397100E+01  0.100000000000000000E+01  0.100000000000000000E+01  0.265987250000000022E+05
  9750.00  0.116786159205397100E+01  0.100000000000000000E+01  0.100000000000000000E+01  0.265714750000000022E+05
  9740.00  0.116786159205397100E+01  0.100000000000000000E+01  0.100000000000000000E+01  0.265442250000000022E+05
  9730.00  0.116786159205397100E+01  0.100000000000000000E+01  0.100000000000000000E+01  0.265169750000000022E+05
  9720.00  0.116786159205397100E+01  0.100000000000000000E+01  0.100000000000000000E+01  0.264897250000000022E+05
  9710.00  0.116786159205397100E+01  0.100000000000000000E+01  0.100000000000000000E+01  0.264624750000000022E+05
  9700.00  0.116786159205397100E+01  0.100000000000000000E+01  0.100000000000000000E+01  0.264352250000000022E+05
  9690.00  0.116786159205397100E+01  0.100000000000000000E+01  0.100000000000000000E+01  0.264079750000000022E+05
  9680.00  0.116786159205397100E+01  0.100000000000000000E+01  0.100000000000000000E+01  0.263807250000000022E+05
  9670.00  0.116786159205397100E+01  0.100000000000000000E+01  0.100000000000000000E+01  0.263534750000000022E+05
  9660.00  0.116786159205397100E+01  0.100000000000000000E+01  0.100000000000000000E+01  0.263262250000000022E+05
  9650.00  0.116786159205397100E+01  0.100000000000000000E+01  0.100000000000000000E+01  0.262989750000000022E+05
  9640.00  0.116786159205397100E+01  0.100000000000000000E+01  0.100000000000000000E+01  0.262717250000000022E+05
  9630.00  0.116786159205397100E+01  0.100000000000000000E+01  0.100000000000000000E+01  0.262444750000000022E+05
  9620.00  0.116786159205397100E+01  0.100000000000000000E+01  0.100000000000000000E+01  0.262172250000000022E+05
  9610.00  0.116786159205397100E+01  0.100000000000000000E+01  0.100000000000000000E+01  0.261899750000000022E+05
  9600.00  0.116786159205397100E+01  0.100000000000000000E+01  0.100000000000000000E+01  0.261627250000000022E+05
  9590.00  0.116786159205397100E+01  0.100000000000000000E+01  0.100000000000000000E+01  0.261354750000000022E+05
  9580.00  0.116786159205397100E+01  0.100000000000000000E+01  0.100000000000000000E+01  0.261082250000000022E+05
  9570.00  0.116786159205397100E+01  0.100000000000000000E+01  0.100000000000000000E+01  0.260809750000000022E+05
  9560.00  0.116786159205397100E+01  0.100000000000000000E+01  0.100000000000000000E+01  0.260537250000000022E+05
  9550.00  0.116786159205397100E+01  0.100000000000000000E+01  0.100000000000000000E+01  0.260264750000000022E+05
  9540.00  0.116786159205397100E+01  0.100000000000000000E+01  0.100000000000000000E+01  0.259992250000000022E+05
  9530.00  0.116786159205397100E+01  0.100000000000000000E+01  0.100000000000000000E+01  0.259719750000000022E+05
  9520.00  0.116786159205397100E+01  0.100000000000000000E+01  0.100000000000000000E+01  0.259447250000000022E+05
  9510.00  0.116786159205397100E+01  0.100000000000000000E+01  0.100000000000000000E+01  0.259174750000000022E+05
  9500.00  0.116786159205397100E+01  0.100000000000000000E+01  0.100000000000000000E+01  0.258902250000000022E+05
  9490.00  0.116786159205397100E+01  0.100000000000000000E+01  0.100000000000000000E+01  0.258629750000000022E+05
  9480.00  0.116786159205397100E+01  0.100000000000000000E+01  0.100000000000000000E+01  0.258357250000000022E+05
  9470.00  0.116786159205397100E+01  0.100000000000000000E+01  0.100000000000000000E+01  0.258084750000000022E+05
  9460.00  0.116786159205397100E+01  0.100000000000000000E+01  0.100000000000000000E+01  0.257812250000000022E+05
  9450.00  0.116786159205397100E+01  0.100000000000000000E+01  0.100000000000000000E+01  0.257539750000000022E+05
  9440.00  0.116786159205397100E+01  0.100000000000000000E+01  0.100000000000000000E+01  0.257267250000000022E+05
  9430.00  0.116786159205397100E+01  0.100000000000000000E+01  0.100000000000000000E+01  0.256994750000000022E+05
  9420.00  0.116786159205397100E+01  0.100000000000000000E+01  0.100000000000000000E+01  0.256722250000000022E+05
  9410.00  0.116786159205397100E+01  0.100000000000000000E+01  0.100000000000000000E+01  0.256449750000000022E+05
  9400.00  0.116786159205397100E+01  0.100000000000000000E+01  0.100000000000000000E+01  0.256177250000000022E+05
  9390.00  0.116786159205397100E+01  0.100000000000000000E+01  0.100000000000000000E+01  0.255904750000000022E+05
  9380.00  0.116786159205397100E+01  0.100000000000000000E+01  0.100000000000000000E+01  0.255632250000000022E+05
  9370.00  0.116786159205397100E+01  0.100000000000000000E+01  0.100000000000000000E+01  0.255359750000000022E+05
  9360.00  0.116786159205397100E+01  0.100000000000000000E+01  0.100000000000000000E+01  0.255087250000000022E+05
  9350.00  0.116786159205397100E+01  0.100000000000000000E+01  0.100000000000000000E+01  0.254814750000000022E+05
  9340.00  0.116786159205397100E+01  0.100000000000000000E+01  0.100000000000000000E+01  0.254542250000000022E+05
  9330.00  0.116786159205397100E+01  0.100000000000000000E+01  0.100000000000000000E+01  0.254269750000000022E+05
  9320.00  0.116786159205397100E+01  0.100000000000000000E+01  0.100000000000000000E+01  0.253997250000000022E+05
  9310.00  0.116786159205397100E+01  0.100000000000000000E+01  0.100000000000000000E+01  0.253724750000000022E+05
  9300.00  0.116786159205397100E+01  0.100000000000000000E+01  0.100000000000000000E+01  0.253452250000000022E+05
  9290.00  0.116786159205397100E+01  0.100000000000000000E+01  0.100000000000000000E+01  0.253179750000000022E+05
  9280.00  0.116786159205397100E+01  0.100000000000000000E+01  0.100000000000000000E+01  0.252907250000000022E+05
  9270.00  0.116786159205397100E+01  0.100000000000000000E+01  0.100000000000000000E+01  0.252634750000000022E+05
  9260.00  0.116786159205397100E+01  0.100000000000000000E+01  0.100000000000000000E+01  0.252362250000000022E+05
  9250.00  0.116786159205397100E+01  0.100000000000000000E+01  0.100000000000000000E+01  0.252089750000000022E+05
  9240.00  0.116786159205397100E+01  0.100000000000000000E+01  0.100000000000000000E+01  0.251817250000000022E+05
  9230.00  0.116786159205397100E+01  0.100000000000000000E+01  0.100000000000000000E+01  0.251544750000000022E+05
  9220.00  0.116786159205397100E+01  0.100000000000000000E+01  0.100000000000000000E+01  0.251272250000000022E+05
  9210.00  0.116786159205397100E+01  0.100000000000000000E+01  0.100000000000000000E+01  0.250999750000000022E+05
  9200.00  0.116786159205397100E+01  0.100000000000000000E+01  0.100000000000000000E+01  0.250727250000000022E+05
  9190.00  0.116786159205397100E+01  0.100000000000000000E+01  0.100000000000000000E+01  0.250454750000000022E+05
  9180.00  0.116786159205397100E+01  0.100000000000000000E+01  0.100000000000000000E+01  0.250182250000000022E+05
  9170.00  0.116786159205397100E+01  0.100000000000000000E+01  0.100000000000000000E+01  0.249909750000000022E+05
  9160.00  0.116786159205397100E+01  0.100000000000000000E+01  0.100000000000000000E+01  0.249637250000000022E+05
  9150.00  0.116786159205397100E+01  0.100000000000000000E+01  0.100000000000000000E+01  0.249364750000000022E+05
  9140.00  0.116786159205397100E+01  0.100000000000000000E+01  0.100000000000000000E+01  0.249092250000000022E+05
  9130.00  0.116786159205397100E+01  0.100000000000000000E+01  0.100000000000000000E+01  0.248819750000000022E+05
  9120.00  0.116786159205397100E+01  0.100000000000000000E+01  0.100000000000000000E+01  0.248547250000000022E+05
  9110.00  0.116786159205397100E+01  0.100000000000000000E+01  0.100000000000000000E+01  0.248274750000000022E+05
  9100.00  0.116786159205397100E+01  0.100000000000000000E+01  0.100000000000000000E+01  0.248002250000000022E+05
  9090.00  0.116786159205397100E+01  0.100000000000000000E+01  0.100000000000000000E+01  0.247729750000000022E+05
  9080.00  0.116786159205397100E+01  0.100000000000000000E+01  0.100000000000000000E+01  0.247457250000000022E+05
  9070.00  0.116786159205397100E+01  0.100000000000000000E+01  0.100000000000000000E+01  0.247184750000000022E+05
  9060.00  0.116786159205397100E+01  0.100000000000000000E+01  0.100000000000000000E+01  0.246912250000000022E+05
  9050.00  0.116786159205397100E+01  0.100000000000000000E+01  0.100000000000000000E+01  0.246639750000000022E+05
  9040.00  0.116786159205397100E+01  0.100000000000000000E+01  0.100000000000000000E+01  0.246367250000000022E+05
  9030.00  0.116786159205397100E+01  0.100000000000000000E+01  0.100000000000000000E+01  0.246094750000000022E+05
  9020.00  0.116786159205397100E+01  0.100000000000000000E+01  0.100000000000000000E+01  0.245822250000000022E+05
  9010.00  0.116786159205397100E+01  0.100000000000000000E+01  0.100000000000000000E+01  0.245549750000000022E+05
  9000.00  0.116786159205397100E+01  0.100000000000000000E+01  0.100000000000000000E+01  0.245277250000000022E+05
  8990.00  0.116786159205397100E+01  0.100000000000000000E+01  0.100000000000000000E+01  0.245004750000000022E+05
  8980.00  0.116786159205397100E+01  0.100000000000000000E+01  0.100000000000000000E+01  0.244732250000000022E+05
  8970.00  0.116786159205397100E+01  0.100000000000000000E+01  0.100000000000000000E+01  0.244459750000000022E+05
  8960.00  0.116786159205397100E+01  0.100000000000000000E+01  0.100000000000000000E+01  0.244187250000000022E+05
  8950.00  0.116786159205397100E+01  0.100000000000000000E+01  0.100000000000000000E+01  0.243914750000000022E+05
  8940.00  0.116786159205397100E+01  0.100000000000000000E+01  0.100000000000000000E+01  0.243642250000000022E+05
  8930.00  0.116786159205397100E+01  0.100000000000000000E+01  0.100000000000000000E+01  0.243369750000000022E+05
  8920.00  0.116786159205397100E+01  0.100000000000000000E+01  0.100000000000000000E+01  0.243097250000000022E+05
  8910.00  0.116786159205397100E+01  0.100000000000000000E+01  0.100000000000000000E+01  0.242824750000000022E+05
  8900.00  0.116786159205397100E+01  0.100000000000000000E+01  0.100000000000000000E+01  0.242552250000000022E+05
  8890.00  0.116786159205397100E+01  0.100000000000000000E+01  0.100000000000000000E+01  0.242279750000000022E+05
  8880.00  0.116786159205397100E+01  0.100000000000000000E+01  0.100000000000000000E+01  0.242007250000000022E+05
  8870.00  0.116786159205397100E+01  0.100000000000000000E+01  0.100000000000000000E+01  0.241734750000000022E+05
  8860.00  0.116786159205397100E+01  0.100000000000000000E+01  0.100000000000000000E+01  0.241462250000000022E+05
  8850.00  0.116786159205397100E+01  0.100000000000000000E+01  0.100000000000000000E+01  0.241189750000000022E+05
  8840.00  0.116786159205397100E+01  0.100000000000000000E+01  0.100000000000000000E+01  0.240917250000000022E+05
  8830.00  0.116786159205397100E+01  0.100000000000000000E+01  0.100000000000000000E+01  0.240644750000000022E+05
  8820.00  0.116786159205397100E+01  0.100000000000000000E+01  0.100000000000000000E+01  0.240372250000000022E+05
  8810.00  0.116786159205397100E+01  0.100000000000000000E+01  0.100000000000000000E+01  0.240099750000000022E+05
  8800.00  0.116786159205397100E+01  0.100000000000000000E+01  0.100000000000000000E+01  0.239827250000000022E+05
  8790.00  0.116786159205397100E+01  0.100000000000000000E+01  0.100000000000000000E+01  0.239554750000000022E+05
  8780.00  0.116786159205397100E+01  0.100000000000000000E+01  0.100000000000000000E+01  0.239282250000000022E+05
  8770.00  0.116786159205397100E+01  0.100000000000000000E+01  0.100000000000000000E+01  0.239009750000000022E+05
  8760.00  0.116786159205397100E+01  0.100000000000000000E+01  0.100000000000000000E+01  0.238737250000000022E+05
  8750.00  0.116786159205397100E+01  0.100000000000000000E+01  0.100000000000000000E+01  0.238464750000000022E+05
  8740.00  0.116786159205397100E+01  0.100000000000000000E+01  0.100000000000000000E+01  0.238192250000000022E+05
  8730.00  0.116786159205397100E+01  0.100000000000000000E+01  0.100000000000000000E+01  0.237919750000000022E+05
  8720.00  0.116786159205397100E+01  0.100000000000000000E+01  0.100000000000000000E+01  0.237647250000000022E+05
  8710.00  0.116786159205397100E+01  0.100000000000000000E+01  0.100000000000000000E+01  0.237374750000000022E+05
  8700.00  0.116786159205397100E+01  0.100000000000000000E+01  0.100000000000000000E+01  0.237102250000000022E+05
  8690.00  0.116786159205397100E+01  0.100000000000000000E+01  0.100000000000000000E+01  0.236829750000000022E+05
  8680.00  0.116786159205397100E+01  0.100000000000000000E+01  0.100000000000000000E+01  0.236557250000000022E+05
  8670.00  0.116786159205397100E+01  0.100000000000000000E+01  0.100000000000000000E+01  0.236284750000000022E+05
  8660.00  0.116786159205397100E+01  0.100000000000000000E+01  0.100000000000000000E+01  0.236012250000000022E+05
  8650.00  0.116786159205397100E+01  0.100000000000000000E+01  0.100000000000000000E+01  0.235739750000000022E+05
  8640.00  0.116786159205397100E+01  0.100000000000000000E+01  0.100000000000000000E+01  0.235467250000000022E+05
  8630.00  0.116786159205397100E+01  0.100000000000000000E+01  0.100000000000000000E+01  0.235194750000000022E+05
  8620.00  0.116786159205397100E+01  0.100000000000000000E+01  0.100000000000000000E+01  0.234922250000000022E+05
  8610.00  0.116786159205397100E+01  0.100000000000000000E+01  0.100000000000000000E+01  0.234649750000000022E+05
  8600.00  0.116786159205397100E+01  0.100000000000000000E+01  0.100000000000000000E+01  0.234377250000000022E+05
  8590.00  0.116786159205397100E+01  0.100000000000000000E+01  0.100000000000000000E+01  0.234104750000000022E+05
  8580.00  0.116786159205397100E+01  0.100000000000000000E+01  0.100000000000000000E+01  0.233832250000000022E+05
  8570.00  0.116786159205397100E+01  0.100000000000000000E+01  0.100000000000000000E+01  0.233559750000000022E+05
  8560.00  0.116786159205397100E+01  0.100000000000000000E+01  0.100000000000000000E+01  0.233287250000000022E+05
  8550.00  0.116786159205397100E+01  0.100000000000000000E+01  0.100000000000000000E+01  0.233014750000000022E+05
  8540.00  0.116786159205397100E+01  0.100000000000000000E+01  0.100000000000000000E+01  0.232742250000000022E+05
  8530.00  0.116786159205397100E+01  0.100000000000000000E+01  0.100000000000000000E+01  0.232469750000000022E+05
  8520.00  0.116786159205397100E+01  0.100000000000000000E+01  0.100000000000000000E+01  0.232197250000000022E+05
  8510.00  0.116786159205397100E+01  0.100000000000000000E+01  0.100000000000000000E+01  0.231924750000000022E+05
  8500.00  0.116786159205397100E+01  0.100000000000000000E+01  0.100000000000000000E+01  0.231652250000000022E+05
  8490.00  0.116786159205397100E+01  0.100000000000000000E+01  0.100000000000000000E+01  0.231379750000000022E+05
  8480.00  0.116786159205397100E+01  0.100000000000000000E+01  0.100000000000000000E+01  0.231107250000000022E+05
  8470.00  0.116786159205397100E+01  0.100000000000000000E+01  0.100000000000000000E+01  0.230834750000000022E+05
  8460.00  0.116786159205397100E+01  0.100000000000000000E+01  0.100000000000000000E+01  0.230562250000000022E+05
  8450.00  0.116786159205397100E+01  0.100000000000000000E+01  0.100000000000000000E+01  0.230289750000000022E+05
  8440.00  0.116786159205397100E+01  0.100000000000000000E+01  0.100000000000000000E+01  0.230017250000000022E+05
  8430.00  0.116786159205397100E+01  0.100000000000000000E+01  0.100000000000000000E+01  0.229744750000000022E+05
  8420.00  0.116786159205397100E+01  0.100000000000000000E+01  0.100000000000000000E+01  0.229472250000000022E+05
  8410.00  0.116786159205397100E+01  0.100000000000000000E+01  0.100000000000000000E+01  0.229199750000000022E+05
  8400.00  0.116786159205397100E+01  0.100000000000000000E+01  0.100000000000000000E+01  0.228927250000000022E+05
  8390.00  0.116786159205397100E+01  0.100000000000000000E+01  0.100000000000000000E+01  0.228654750000000022E+05
  8380.00  0.116786159205397100E+01  0.100000000000000000E+01  0.100000000000000000E+01  0.228382250000000022E+05
  8370.00  0.116786159205397100E+01  0.100000000000000000E+01  0.100000000000000000E+01  0.228109750000000022E+05
  8360.00  0.116786159205397100E+01  0.100000000000000000E+01  0.100000000000000000E+01  0.227837250000000022E+05
  8350.00  0.116786159205397100E+01  0.100000000000000000E+01  0.100000000000000000E+01  0.227564750000000022E+05
  8340.00  0.116786159205397100E+01  0.100000000000000000E+01  0.100000000000000000E+01  0.227292250000000022E+05
  8330.00  0.116786159205397100E+01  0.100000000000000000E+01  0.100000000000000000E+01  0.227019750000000022E+05
  8320.00  0.116786159205397100E+01  0.100000000000000000E+01  0.100000000000000000E+01  0.226747250000000022E+05
  8310.00  0.116786159205397100E+01  0.100000000000000000E+01  0.100000000000000000E+01  0.226474750000000022E+05
  8300.00  0.116786159205397100E+01  0.100000000000000000E+01  0.100000000000000000E+01  0.226202250000000022E+05
  8290.00  0.116786159205397100E+01  0.100000000000000000E+01  0.100000000000000000E+01  0.225929750000000022E+05
  8280.00  0.116786159205397100E+01  0.100000000000000000E+01  0.100000000000000000E+01  0.225657250000000022E+05
  8270.00  0.116786159205397100E+01  0.100000000000000000E+01  0.100000000000000000E+01  0.225384750000000022E+05
  8260.00  0.116786159205397100E+01  0.100000000000000000E+01  0.100000000000000000E+01  0.225112250000000022E+05
  8250.00  0.116786159205397100E+01  0.100000000000000000E+01  0.100000000000000000E+01  0.224839750000000022E+05
  8240.00  0.116786159205397100E+01  0.100000000000000000E+01  0.100000000000000000E+01  0.224567250000000022E+05
  8230.00  0.116786159205397100E+01  0.100000000000000000E+01  0.100000000000000000E+01  0.224294750000000022E+05
  8220.00  0.116786159205397100E+01  0.100000000000000000E+01  0.100000000000000000E+01  0.224022250000000022E+05
  8210.00  0.116786159205397100E+01  0.100000000000000000E+01  0.100000000000000000E+01  0.223749750000000022E+05
  8200.00  0.116786159205397100E+01  0.100000000000000000E+01  0.100000000000000000E+01  0.223477250000000022E+05
  8190.00  0.116786159205397100E+01  0.100000000000000000E+01  0.100000000000000000E+01  0.223204750000000022E+05
  8180.00  0.116786159205397100E+01  0.100000000000000000E+01  0.100000000000000000E+01  0.222932250000000022E+05
  8170.00  0.116786159205397100E+01  0.100000000000000000E+01  0.100000000000000000E+01  0.222659750000000022E+05
  8160.00  0.116786159205397100E+01  0.100000000000000000E+01  0.100000000000000000E+01  0.222387250000000022E+05
  8150.00  0.116786159205397100E+01  0.100000000000000000E+01  0.100000000000000000E+01  0.222114750000000022E+05
  8140.00  0.116786159205397100E+01  0.100000000000000000E+01  0.100000000000000000E+01  0.221842250000000022E+05
  8130.00  0.116786159205397100E+01  0.100000000000000000E+01  0.100000000000000000E+01  0.221569750000000022E+05
  8120.00  0.116786159205397100E+01  0.100000000000000000E+01  0.100000000000000000E+01  0.221297250000000022E+05
  8110.00  0.116786159205397100E+01  0.100000000000000000E+01  0.100000000000000000E+01  0.221024750000000022E+05
  8100.00  0.116786159205397100E+01  0.100000000000000000E+01  0.100000000000000000E+01  0.220752250000000022E+05
  8090.00  0.116786159205397100E+01  0.100000000000000000E+01  0.100000000000000000E+01  0.220479750000000022E+05
  8080.00  0.116786159205397100E+01  0.100000000000000000E+01  0.100000000000000000E+01  0.220207250000000022E+05
  8070.00  0.116786159205397100E+01  0.100000000000000000E+01  0.100000000000000000E+01  0.219934750000000022E+05
  8060.00  0.116786159205397100E+01  0.100000000000000000E+01  0.100000000000000000E+01  0.219662250000000022E+05
  8050.00  0.116786159205397100E+01  0.100000000000000000E+01  0.100000000000000000E+01  0.219389750000000022E+05
  8040.00  0.116786159205397100E+01  0.100000000000000000E+01  0.100000000000000000E+01  0.219117250000000022E+05
  8030.00  0.116786159205397100E+01  0.100000000000000000E+01  0.100000000000000000E+01  0.218844750000000022E+05
  8020.00  0.116786159205397100E+01  0.100000000000000000E+01  0.100000000000000000E+01  0.218572250000000022E+05
  8010.00  0.116786159205397100E+01  0.100000000000000000E+01  0.100000000000000000E+01  0.218299750000000022E+05
  8000.00  0.116785755172713834E+01  0.100000000000000000E+01  0.100000000000000000E+01  0.218027250000000022E+05
  7990.00  0.116785741045714531E+01  0.100000000000000000E+01  0.100000000000000000E+01  0.217754750000000022E+05
  7980.00  0.116785726386297029E+01  0.100000000000000000E+01  0.100000000000000000E+01  0.217482250000000022E+05
  7970.00  0.116785711173361051E+01  0.100000000000000000E+01  0.100000000000000000E+01  0.217209750000000022E+05
  7960.00  0.116785695384169230E+01  0.100000000000000000E+01  0.100000000000000000E+01  0.216937250000000022E+05
  7950.00  0.116785678995802300E+01  0.100000000000000000E+01  0.100000000000000000E+01  0.216664750000000022E+05
  7940.00  0.116785661983703903E+01  0.100000000000000000E+01  0.100000000000000000E+01  0.216392250000000022E+05
  7930.00  0.116785644322590088E+01  0.100000000000000000E+01  0.100000000000000000E+01  0.216119750000000022E+05
  7920.00  0.116785625985903607E+01  0.100000000000000000E+01  0.100000000000000000E+01  0.215847250000000022E+05
  7910.00  0.116785606945995823E+01  0.100000000000000000E+01  0.100000000000000000E+01  0.215574750000000022E+05
  7900.00  0.116785587174126704E+01  0.100000000000000000E+01  0.100000000000000000E+01  0.215302250000000022E+05
  7890.00  0.116785566640282923E+01  0.100000000000000000E+01  0.100000000000000000E+01  0.215029750000000022E+05
  7880.00  0.116785545312905015E+01  0.100000000000000000E+01  0.100000000000000000E+01  0.214757250000000022E+05
  7870.00  0.116785523159251170E+01  0.100000000000000000E+01  0.100000000000000000E+01  0.214484750000000022E+05
  7860.00  0.116785500145215337E+01  0.100000000000000000E+01  0.100000000000000000E+01  0.214212250000000022E+05
  7850.00  0.116785476235145325E+01  0.100000000000000000E+01  0.100000000000000000E+01  0.213939750000000022E+05
  7840.00  0.116785451391479000E+01  0.100000000000000000E+01  0.100000000000000000E+01  0.213667250000000022E+05
  7830.00  0.116785425575562840E+01  0.100000000000000000E+01  0.100000000000000000E+01  0.213394750000000022E+05
  7820.00  0.116785398746651481E+01  0.100000000000000000E+01  0.100000000000000000E+01  0.213122250000000022E+05
  7810.00  0.116785370862180571E+01  0.100000000000000000E+01  0.100000000000000000E+01  0.212849750000000022E+05
  7800.00  0.116785341877948667E+01  0.100000000000000000E+01  0.100000000000000000E+01  0.212577250000000022E+05
  7790.00  0.116785311747571541E+01  0.100000000000000000E+01  0.100000000000000000E+01  0.212304750000000022E+05
  7780.00  0.116785280422573123E+01  0.100000000000000000E+01  0.100000000000000000E+01  0.212032250000000022E+05
  7770.00  0.116785247852476459E+01  0.100000000000000000E+01  0.100000000000000000E+01  0.211759750000000022E+05
  7760.00  0.116785213984439906E+01  0.100000000000000000E+01  0.100000000000000000E+01  0.211487250000000022E+05
  7750.00  0.116785178763075237E+01  0.100000000000000000E+01  0.100000000000000000E+01  0.211214750000000022E+05
  7740.00  0.116785142130902386E+01  0.100000000000000000E+01  0.100000000000000000E+01  0.210942250000000022E+05
  7730.00  0.116785104027349007E+01  0.100000000000000000E+01  0.100000000000000000E+01  0.210669750000000022E+05
  7720.00  0.116785064389478066E+01  0.100000000000000000E+01  0.100000000000000000E+01  0.210397250000000022E+05
  7710.00  0.116785023151351197E+01  0.100000000000000000E+01  0.100000000000000000E+01  0.210124750000000022E+05
  7700.00  0.116784980243937753E+01  0.100000000000000000E+01  0.100000000000000000E+01  0.209852250000000022E+05
  7690.00  0.116784935595160277E+01  0.100000000000000000E+01  0.100000000000000000E+01  0.209579750000000022E+05
  7680.00  0.116784889129576186E+01  0.100000000000000000E+01  0.100000000000000000E+01  0.209307250000000022E+05
  7670.00  0.116784840768377762E+01  0.100000000000000000E+01  0.100000000000000000E+01  0.209034750000000022E+05
  7660.00  0.116784790428982888E+01  0.100000000000000000E+01  0.100000000000000000E+01  0.208762250000000022E+05
  7650.00  0.116784738025125989E+01  0.100000000000000000E+01  0.100000000000000000E+01  0.208489750000000022E+05
  7640.00  0.116784683466403294E+01  0.100000000000000000E+01  0.100000000000000000E+01  0.208217250000000022E+05
  7630.00  0.116784626658409252E+01  0.100000000000000000E+01  0.100000000000000000E+01  0.207944750000000022E+05
  7620.00  0.116784567502145364E+01  0.100000000000000000E+01  0.100000000000000000E+01  0.207672250000000022E+05
  7610.00  0.116784505894156609E+01  0.100000000000000000E+01  0.100000000000000000E+01  0.207399750000000022E+05
  7600.00  0.116784441726031218E+01  0.100000000000000000E+01  0.100000000000000000E+01  0.207127250000000022E+05
  7590.00  0.116784374884355202E+01  0.100000000000000000E+01  0.100000000000000000E+01  0.206854750000000022E+05
  7580.00  0.116784305250348552E+01  0.100000000000000000E+01  0.100000000000000000E+01  0.206582250000000022E+05
  7570.00  0.116784232699683344E+01  0.100000000000000000E+01  0.100000000000000000E+01  0.206309750000000022E+05
  7560.00  0.116784157102119934E+01  0.100000000000000000E+01  0.100000000000000000E+01  0.206037250000000022E+05
  7550.00  0.116784078321188645E+01  0.100000000000000000E+01  0.100000000000000000E+01  0.205764750000000022E+05
  7540.00  0.116783996214098806E+01  0.100000000000000000E+01  0.100000000000000000E+01  0.205492250000000022E+05
  7530.00  0.116783910631193066E+01  0.100000000000000000E+01  0.100000000000000000E+01  0.205219750000000022E+05
  7520.00  0.116783821415583589E+01  0.100000000000000000E+01  0.100000000000000000E+01  0.204947250000000022E+05
  7510.00  0.116783728403061104E+01  0.100000000000000000E+01  0.100000000000000000E+01  0.204674750000000022E+05
  7500.00  0.116783631421412792E+01  0.100000000000000000E+01  0.100000000000000000E+01  0.204402250000000022E+05
  7490.00  0.116783530290217641E+01  0.100000000000000000E+01  0.100000000000000000E+01  0.204129750000000022E+05
  7480.00  0.116783424820300752E+01  0.100000000000000000E+01  0.100000000000000000E+01  0.203857250000000022E+05
  7470.00  0.116783314813460493E+01  0.100000000000000000E+01  0.100000000000000000E+01  0.203584750000000022E+05
  7460.00  0.116783200061786374E+01  0.100000000000000000E+01  0.100000000000000000E+01  0.203312250000000022E+05
  7450.00  0.116783080347363466E+01  0.100000000000000000E+01  0.100000000000000000E+01  0.203039750000000022E+05
  7440.00  0.116782955441658487E+01  0.100000000000000000E+01  0.100000000000000000E+01  0.202767250000000022E+05
  7430.00  0.116782825104951371E+01  0.100000000000000000E+01  0.100000000000000000E+01  0.202494750000000022E+05
  7420.00  0.116782689085835045E+01  0.100000000000000000E+01  0.100000000000000000E+01  0.202222250000000022E+05
  7410.00  0.116782547120624258E+01  0.100000000000000000E+01  0.100000000000000000E+01  0.201949750000000022E+05
  7400.00  0.116782398932605247E+01  0.100000000000000000E+01  0.100000000000000000E+01  0.201677250000000022E+05
  7390.00  0.116782244231467303E+01  0.100000000000000000E+01  0.100000000000000000E+01  0.201404750000000022E+05
  7380.00  0.116782082712620650E+01  0.100000000000000000E+01  0.100000000000000000E+01  0.201132250000000022E+05
  7370.00  0.116781914056309688E+01  0.100000000000000000E+01  0.100000000000000000E+01  0.200859750000000022E+05
  7360.00  0.116781737926999085E+01  0.100000000000000000E+01  0.100000000000000000E+01  0.200587250000000022E+05
  7350.00  0.116781553972373331E+01  0.100000000000000000E+01  0.100000000000000000E+01  0.200314750000000022E+05
  7340.00  0.116781361822643248E+01  0.100000000000000000E+01  0.100000000000000000E+01  0.200042250000000022E+05
  7330.00  0.116781161089477337E+01  0.100000000000000000E+01  0.100000000000000000E+01  0.199769750000000022E+05
  7320.00  0.116780951365103647E+01  0.100000000000000000E+01  0.100000000000000000E+01  0.199497250000000022E+05
  7310.00  0.116780732221297967E+01  0.100000000000000000E+01  0.100000000000000000E+01  0.199224750000000022E+05
  7300.00  0.116780503208201480E+01  0.100000000000000000E+01  0.100000000000000000E+01  0.198952250000000022E+05
  7290.00  0.116780263853354427E+01  0.100000000000000000E+01  0.100000000000000000E+01  0.198679750000000022E+05
  7280.00  0.116780013660275017E+01  0.100000000000000000E+01  0.100000000000000000E+01  0.198407250000000022E+05
  7270.00  0.116779752107379409E+01  0.100000000000000000E+01  0.100000000000000000E+01  0.198134750000000022E+05
  7260.00  0.116779478646549251E+01  0.100000000000000000E+01  0.100000000000000000E+01  0.197862250000000022E+05
  7250.00  0.116779192701687862E+01  0.100000000000000000E+01  0.100000000000000000E+01  0.197589750000000022E+05
  7240.00  0.116778893667321881E+01  0.100000000000000000E+01  0.100000000000000000E+01  0.197317250000000022E+05
  7230.00  0.116778580906918705E+01  0.100000000000000000E+01  0.100000000000000000E+01  0.197044750000000022E+05
  7220.00  0.116778253751283501E+01  0.100000000000000000E+01  0.100000000000000000E+01  0.196772250000000022E+05
  7210.00  0.116777911496774323E+01  0.100000000000000000E+01  0.100000000000000000E+01  0.196499750000000022E+05
  7200.00  0.116777553403460388E+01  0.100000000000000000E+01  0.100000000000000000E+01  0.196227250000000022E+05
  7190.00  0.116777178693155292E+01  0.100000000000000000E+01  0.100000000000000000E+01  0.195954750000000022E+05
  7180.00  0.116776786547302436E+01  0.100000000000000000E+01  0.100000000000000000E+01  0.195682250000000022E+05
  7170.00  0.116776376104826340E+01  0.100000000000000000E+01  0.100000000000000000E+01  0.195409750000000022E+05
  7160.00  0.116775946459830493E+01  0.100000000000000000E+01  0.100000000000000000E+01  0.195137250000000022E+05
  7150.00  0.116775496659079181E+01  0.100000000000000000E+01  0.100000000000000000E+01  0.194864750000000022E+05
  7140.00  0.116775025699496382E+01  0.100000000000000000E+01  0.100000000000000000E+01  0.194592250000000022E+05
  7130.00  0.116774532525374752E+01  0.100000000000000000E+01  0.100000000000000000E+01  0.194319750000000022E+05
  7120.00  0.116774016025522087E+01  0.100000000000000000E+01  0.100000000000000000E+01  0.194047250000000022E+05
  7110.00  0.116773475030180407E+01  0.100000000000000000E+01  0.100000000000000000E+01  0.193774750000000022E+05
  7100.00  0.116772908307825674E+01  0.100000000000000000E+01  0.100000000000000000E+01  0.193502250000000022E+05
  7090.00  0.116772314561751500E+01  0.100000000000000000E+01  0.100000000000000000E+01  0.193229750000000022E+05
  7080.00  0.116771692426442542E+01  0.100000000000000000E+01  0.100000000000000000E+01  0.192957250000000022E+05
  7070.00  0.116771040463800091E+01  0.100000000000000000E+01  0.100000000000000000E+01  0.192684750000000022E+05
  7060.00  0.116770357159089144E+01  0.100000000000000000E+01  0.100000000000000000E+01  0.192412250000000022E+05
  7050.00  0.116769640916669459E+01  0.100000000000000000E+01  0.100000000000000000E+01  0.192139750000000022E+05
  7040.00  0.116768890055521979E+01  0.100000000000000000E+01  0.100000000000000000E+01  0.191867250000000022E+05
  7030.00  0.116768102804456930E+01  0.100000000000000000E+01  0.100000000000000000E+01  0.191594750000000022E+05
  7020.00  0.116767277297100236E+01  0.100000000000000000E+01  0.100000000000000000E+01  0.191322250000000022E+05
  7010.00  0.116766411566533179E+01  0.100000000000000000E+01  0.100000000000000000E+01  0.191049750000000022E+05
  7000.00  0.116765503539707538E+01  0.100000000000000000E+01  0.100000000000000000E+01  0.190777250000000022E+05
  6990.00  0.116764551031440078E+01  0.100000000000000000E+01  0.100000000000000000E+01  0.190504750000000022E+05
  6980.00  0.116763551738148408E+01  0.100000000000000000E+01  0.100000000000000000E+01  0.190232250000000022E+05
  6970.00  0.116762503231171877E+01  0.100000000000000000E+01  0.100000000000000000E+01  0.189959750000000022E+05
  6960.00  0.116761402949731519E+01  0.100000000000000000E+01  0.100000000000000000E+01  0.189687250000000022E+05
  6950.00  0.116760248193472194E+01  0.100000000000000000E+01  0.100000000000000000E+01  0.189414750000000022E+05
  6940.00  0.116759036114595460E+01  0.100000000000000000E+01  0.100000000000000000E+01  0.189142250000000022E+05
  6930.00  0.116757763709514961E+01  0.100000000000000000E+01  0.100000000000000000E+01  0.188869750000000022E+05
  6920.00  0.116756427810054220E+01  0.100000000000000000E+01  0.100000000000000000E+01  0.188597250000000022E+05
  6910.00  0.116755025074124319E+01  0.100000000000000000E+01  0.100000000000000000E+01  0.188324750000000022E+05
  6900.00  0.116753551975870096E+01  0.100000000000000000E+01  0.100000000000000000E+01  0.188052250000000022E+05
  6890.00  0.116752004795259268E+01  0.100000000000000000E+01  0.100000000000000000E+01  0.187779750000000022E+05
  6880.00  0.116750379607077548E+01  0.100000000000000000E+01  0.100000000000000000E+01  0.187507250000000022E+05
  6870.00  0.116748672269267217E+01  0.100000000000000000E+01  0.100000000000000000E+01  0.187234750000000022E+05
  6860.00  0.116746878410650368E+01  0.100000000000000000E+01  0.100000000000000000E+01  0.186962250000000022E+05
  6850.00  0.116744993417907494E+01  0.100000000000000000E+01  0.100000000000000000E+01  0.186689750000000022E+05
  6840.00  0.116743012421846970E+01  0.100000000000000000E+01  0.100000000000000000E+01  0.186417250000000022E+05
  6830.00  0.116740930282882971E+01  0.100000000000000000E+01  0.100000000000000000E+01  0.186144750000000022E+05
  6820.00  0.116738741575711913E+01  0.100000000000000000E+01  0.100000000000000000E+01  0.185872250000000022E+05
  6810.00  0.116736440573104971E+01  0.100000000000000000E+01  0.100000000000000000E+01  0.185599750000000022E+05
  6800.00  0.116734021228816687E+01  0.100000000000000000E+01  0.100000000000000000E+01  0.185327250000000022E+05
  6790.00  0.116731477159528652E+01  0.100000000000000000E+01  0.100000000000000000E+01  0.185054750000000022E+05
  6780.00  0.116728801625799861E+01  0.100000000000000000E+01  0.100000000000000000E+01  0.184782250000000022E+05
  6770.00  0.116725987511965457E+01  0.100000000000000000E+01  0.100000000000000000E+01  0.184509750000000022E+05
  6760.00  0.116723027304938398E+01  0.100000000000000000E+01  0.100000000000000000E+01  0.184237250000000022E+05
  6750.00  0.116719913071854364E+01  0.100000000000000000E+01  0.100000000000000000E+01  0.183964750000000022E+05
  6740.00  0.116716636436510157E+01  0.100000000000000000E+01  0.100000000000000000E+01  0.183692250000000022E+05
  6730.00  0.116713188554548708E+01  0.100000000000000000E+01  0.100000000000000000E+01  0.183419750000000022E+05
  6720.00  0.116709560087321051E+01  0.100000000000000000E+01  0.100000000000000000E+01  0.183147250000000022E+05
  6710.00  0.116705741174374822E+01  0.100000000000000000E+01  0.100000000000000000E+01  0.182874750000000022E+05
  6700.00  0.116701721404520953E+01  0.100000000000000000E+01  0.100000000000000000E+01  0.182602250000000022E+05
  6690.00  0.116697489785405395E+01  0.100000000000000000E+01  0.100000000000000000E+01  0.182329750000000022E+05
  6680.00  0.116693034711553167E+01  0.100000000000000000E+01  0.100000000000000000E+01  0.182057250000000022E+05
  6670.00  0.116688343930804450E+01  0.100000000000000000E+01  0.100000000000000000E+01  0.181784750000000022E+05
  6660.00  0.116683404509111455E+01  0.100000000000000000E+01  0.100000000000000000E+01  0.181512250000000022E+05
  6650.00  0.116678202793634966E+01  0.100000000000000000E+01  0.100000000000000000E+01  0.181239750000000022E+05
  6640.00  0.116672724374096504E+01  0.100000000000000000E+01  0.100000000000000000E+01  0.180967250000000022E+05
  6630.00  0.116666954042343463E+01  0.100000000000000000E+01  0.100000000000000000E+01  0.180694750000000022E+05
  6620.00  0.116660875750095272E+01  0.100000000000000000E+01  0.100000000000000000E+01  0.180422250000000022E+05
  6610.00  0.116654472564828637E+01  0.100000000000000000E+01  0.100000000000000000E+01  0.180149750000000022E+05
  6600.00  0.116647726623797610E+01  0.100000000000000000E+01  0.100000000000000000E+01  0.179877250000000022E+05
  6590.00  0.116640619086160768E+01  0.100000000000000000E+01  0.100000000000000000E+01  0.179604750000000022E+05
  6580.00  0.116633130083226533E+01  0.100000000000000000E+01  0.100000000000000000E+01  0.179332250000000022E+05
  6570.00  0.116625238666828679E+01  0.100000000000000000E+01  0.100000000000000000E+01  0.179059750000000022E+05
  6560.00  0.116616922755857289E+01  0.100000000000000000E+01  0.100000000000000000E+01  0.178787250000000022E+05
  6550.00  0.116608159081006946E+01  0.100000000000000000E+01  0.100000000000000000E+01  0.178514750000000022E+05
  6540.00  0.116598923127805776E+01  0.100000000000000000E+01  0.100000000000000000E+01  0.178242250000000022E+05
  6530.00  0.116589189078025512E+01  0.100000000000000000E+01  0.100000000000000000E+01  0.177969750000000022E+05
  6520.00  0.116578929749601556E+01  0.100000000000000000E+01  0.100000000000000000E+01  0.177697250000000022E+05
  6510.00  0.116568116535226096E+01  0.100000000000000000E+01  0.100000000000000000E+01  0.177424750000000022E+05
  6500.00  0.116556719339807913E+01  0.100000000000000000E+01  0.100000000000000000E+01  0.177152250000000022E+05
  6490.00  0.116544706517044716E+01  0.100000000000000000E+01  0.100000000000000000E+01  0.176879750000000022E+05
  6480.00  0.116532044805400048E+01  0.100000000000000000E+01  0.100000000000000000E+01  0.176607250000000022E+05
  6470.00  0.116518699263824033E+01  0.100000000000000000E+01  0.100000000000000000E+01  0.176334750000000022E+05
  6460.00  0.116504633207625830E+01  0.100000000000000000E+01  0.100000000000000000E+01  0.176062250000000022E+05
  6450.00  0.116489808144973495E+01  0.100000000000000000E+01  0.100000000000000000E+01  0.175789750000000022E+05
  6440.00  0.116474183714558421E+01  0.100000000000000000E+01  0.100000000000000000E+01  0.175517250000000022E+05
  6430.00  0.116457717625061896E+01  0.100000000000000000E+01  0.100000000000000000E+01  0.175244750000000022E+05
  6420.00  0.116440365597134843E+01  0.100000000000000000E+01  0.100000000000000000E+01  0.174972250000000022E+05
  6410.00  0.116422081308711789E+01  0.100000000000000000E+01  0.100000000000000000E+01  0.174699750000000022E+05
  6400.00  0.116402816344574234E+01  0.100000000000000000E+01  0.100000000000000000E+01  0.174427250000000022E+05
  6390.00  0.116382520151205071E+01  0.100000000000000000E+01  0.100000000000000000E+01  0.174154750000000022E+05
  6380.00  0.116361139998087815E+01  0.100000000000000000E+01  0.100000000000000000E+01  0.173882250000000022E+05
  6370.00  0.116338620946742921E+01  0.100000000000000000E+01  0.100000000000000000E+01  0.173609750000000022E+05
  6360.00  0.116314905828923010E+01  0.100000000000000000E+01  0.100000000000000000E+01  0.173337250000000022E+05
  6350.00  0.116289935235539765E+01  0.100000000000000000E+01  0.100000000000000000E+01  0.173064750000000022E+05
  6340.00  0.116263647518038482E+01  0.100000000000000000E+01  0.100000000000000000E+01  0.172792250000000022E+05
  6330.00  0.116235978804092088E+01  0.100000000000000000E+01  0.100000000000000000E+01  0.172519750000000022E+05
  6320.00  0.116206863029634988E+01  0.100000000000000000E+01  0.100000000000000000E+01  0.172247250000000022E+05
  6310.00  0.116176231989414891E+01  0.100000000000000000E+01  0.100000000000000000E+01  0.171974750000000022E+05
  6300.00  0.116144015408381751E+01  0.100000000000000000E+01  0.100000000000000000E+01  0.171702250000000022E+05
  6290.00  0.116110141036372205E+01  0.100000000000000000E+01  0.100000000000000000E+01  0.171429750000000022E+05
  6280.00  0.116074534768672954E+01  0.100000000000000000E+01  0.100000000000000000E+01  0.171157250000000022E+05
  6270.00  0.116037120795149651E+01  0.100000000000000000E+01  0.100000000000000000E+01  0.170884750000000022E+05
  6260.00  0.115997821780705568E+01  0.100000000000000000E+01  0.100000000000000000E+01  0.170612250000000022E+05
  6250.00  0.115956559079881938E+01  0.100000000000000000E+01  0.100000000000000000E+01  0.170339750000000022E+05
  6240.00  0.115913252988414417E+01  0.100000000000000000E+01  0.100000000000000000E+01  0.170067250000000022E+05
  6230.00  0.115867823034514128E+01  0.100000000000000000E+01  0.100000000000000000E+01  0.169794750000000022E+05
  6220.00  0.115820188312539063E+01  0.100000000000000000E+01  0.100000000000000000E+01  0.169522250000000022E+05
  6210.00  0.115770267861542919E+01  0.100000000000000000E+01  0.100000000000000000E+01  0.169249750000000022E+05
  6200.00  0.115717981090936428E+01  0.100000000000000000E+01  0.100000000000000000E+01  0.168977250000000022E+05
  6190.00  0.115663248255148909E+01  0.100000000000000000E+01  0.100000000000000000E+01  0.168704750000000022E+05
  6180.00  0.115605990978733297E+01  0.100000000000000000E+01  0.100000000000000000E+01  0.168432250000000022E+05
  6170.00  0.115546132832800552E+01  0.100000000000000000E+01  0.100000000000000000E+01  0.168159750000000022E+05
  6160.00  0.115483599962996486E+01  0.100000000000000000E+01  0.100000000000000000E+01  0.167887250000000022E+05
  6150.00  0.115418321768437115E+01  0.100000000000000000E+01  0.100000000000000000E+01  0.167614750000000022E+05
  6140.00  0.115350231630092415E+01  0.100000000000000000E+01  0.100000000000000000E+01  0.167342250000000022E+05
  6130.00  0.115279267686058118E+01  0.100000000000000000E+01  0.100000000000000000E+01  0.167069750000000022E+05
  6120.00  0.115205373649978915E+01  0.100000000000000000E+01  0.100000000000000000E+01  0.166797250000000022E+05
  6110.00  0.115128499667598039E+01  0.100000000000000000E+01  0.100000000000000000E+01  0.166524750000000022E+05
  6100.00  0.115048603205019306E+01  0.100000000000000000E+01  0.100000000000000000E+01  0.166252250000000022E+05
  6090.00  0.114965649960800942E+01  0.100000000000000000E+01  0.100000000000000000E+01  0.165979750000000022E+05
  6080.00  0.114879614792482188E+01  0.100000000000000000E+01  0.100000000000000000E+01  0.165707250000000022E+05
  6070.00  0.114790482646611491E+01  0.100000000000000000E+01  0.100000000000000000E+01  0.165434750000000022E+05
  6060.00  0.114698249479835024E+01  0.100000000000000000E+01  0.100000000000000000E+01  0.165162250000000022E+05
  6050.00  0.114602923157171865E+01  0.100000000000000000E+01  0.100000000000000000E+01  0.164889750000000022E+05
  6040.00  0.114504524312295031E+01  0.100000000000000000E+01  0.100000000000000000E+01  0.164617250000000022E+05
  6030.00  0.114403087153517857E+01  0.100000000000000000E+01  0.100000000000000000E+01  0.164344750000000022E+05
  6020.00  0.114298660198313939E+01  0.100000000000000000E+01  0.100000000000000000E+01  0.164072250000000022E+05
  6010.00  0.114191306918635016E+01  0.100000000000000000E+01  0.100000000000000000E+01  0.163799750000000004E+05
  6000.00  0.114081106279100375E+01  0.100000000000000000E+01  0.100000000000000000E+01  0.163527250000000004E+05
  5990.00  0.113968153150360640E+01  0.100000000000000000E+01  0.100000000000000000E+01  0.163254750000000004E+05
  5980.00  0.113852558580644114E+01  0.100000000000000000E+01  0.100000000000000000E+01  0.162982250000000004E+05
  5970.00  0.113734449909700075E+01  0.100000000000000000E+01  0.100000000000000000E+01  0.162709750000000004E+05
  5960.00  0.113613970711091405E+01  0.100000000000000000E+01  0.100000000000000000E+01  0.162437250000000004E+05
  5950.00  0.113491280551052842E+01  0.100000000000000000E+01  0.100000000000000000E+01  0.162164750000000004E+05
  5940.00  0.113366554554909449E+01  0.100000000000000000E+01  0.100000000000000000E+01  0.161892250000000004E+05
  5930.00  0.113239982775302250E+01  0.100000000000000000E+01  0.100000000000000000E+01  0.161619750000000004E+05
  5920.00  0.113111769360132541E+01  0.100000000000000000E+01  0.100000000000000000E+01  0.161347250000000004E+05
  5910.00  0.112982131522133145E+01  0.100000000000000000E+01  0.100000000000000000E+01  0.161074750000000004E+05
  5900.00  0.112851298316199533E+01  0.100000000000000000E+01  0.100000000000000000E+01  0.160802250000000004E+05
  5890.00  0.112719509234945936E+01  0.100000000000000000E+01  0.100000000000000000E+01  0.160529750000000004E+05
  5880.00  0.112587012637260520E+01  0.100000000000000000E+01  0.100000000000000000E+01  0.160257250000000004E+05
  5870.00  0.112454064028775980E+01  0.100000000000000000E+01  0.100000000000000000E+01  0.159984750000000004E+05
  5860.00  0.112320924217005436E+01  0.100000000000000000E+01  0.100000000000000000E+01  0.159712250000000004E+05
  5850.00  0.112187857367277233E+01  0.100000000000000000E+01  0.100000000000000000E+01  0.159439750000000004E+05
  5840.00  0.112055128988410546E+01  0.100000000000000000E+01  0.100000000000000000E+01  0.159167250000000004E+05
  5830.00  0.111923003879192340E+01  0.100000000000000000E+01  0.100000000000000000E+01  0.158894750000000004E+05
  5820.00  0.111791744068057941E+01  0.100000000000000000E+01  0.100000000000000000E+01  0.158622250000000004E+05
  5810.00  0.111661606778881950E+01  0.100000000000000000E+01  0.100000000000000000E+01  0.158349750000000004E+05
  5800.00  0.111532842455424475E+01  0.100000000000000000E+01  0.100000000000000000E+01  0.158077250000000004E+05
  5790.00  0.111405692875751328E+01  0.100000000000000000E+01  0.100000000000000000E+01  0.157804750000000004E+05
  5780.00  0.111280389385898038E+01  0.100000000000000000E+01  0.100000000000000000E+01  0.157532250000000004E+05
  5770.00  0.111157151279240352E+01  0.100000000000000000E+01  0.100000000000000000E+01  0.157259750000000004E+05
  5760.00  0.111036184344572431E+01  0.100000000000000000E+01  0.100000000000000000E+01  0.156987250000000004E+05
  5750.00  0.110917679601895536E+01  0.100000000000000000E+01  0.100000000000000000E+01  0.156714750000000004E+05
  5740.00  0.110801812240530517E+01  0.100000000000000000E+01  0.100000000000000000E+01  0.156442250000000004E+05
  5730.00  0.110688740769535254E+01  0.100000000000000000E+01  0.100000000000000000E+01  0.156169750000000004E+05
  5720.00  0.110578606385690748E+01  0.100000000000000000E+01  0.100000000000000000E+01  0.155897250000000004E+05
  5710.00  0.110471532559673413E+01  0.100000000000000000E+01  0.100000000000000000E+01  0.155624750000000004E+05
  5700.00  0.110367624836592948E+01  0.100000000000000000E+01  0.100000000000000000E+01  0.155352250000000004E+05
  5690.00  0.110266970842981671E+01  0.100000000000000000E+01  0.100000000000000000E+01  0.155079750000000004E+05
  5680.00  0.110169640488670950E+01  0.100000000000000000E+01  0.100000000000000000E+01  0.154807250000000004E+05
  5670.00  0.110075686348873680E+01  0.100000000000000000E+01  0.100000000000000000E+01  0.154534750000000004E+05
  5660.00  0.109985144209261354E+01  0.100000000000000000E+01  0.100000000000000000E+01  0.154262250000000004E+05
  5650.00  0.109898033754913782E+01  0.100000000000000000E+01  0.100000000000000000E+01  0.153989750000000004E+05
  5640.00  0.109814359382733784E+01  0.100000000000000000E+01  0.100000000000000000E+01  0.153717250000000004E+05
  5630.00  0.109734111116239186E+01  0.100000000000000000E+01  0.100000000000000000E+01  0.153444750000000004E+05
  5620.00  0.109657265601535414E+01  0.100000000000000000E+01  0.100000000000000000E+01  0.153172250000000004E+05
  5610.00  0.109583787163675694E+01  0.100000000000000000E+01  0.100000000000000000E+01  0.152899750000000004E+05
  5600.00  0.109513628903468807E+01  0.100000000000000000E+01  0.100000000000000000E+01  0.152627250000000004E+05
  5590.00  0.109446733816020725E+01  0.100000000000000000E+01  0.100000000000000000E+01  0.152354750000000004E+05
  5580.00  0.109383035913816595E+01  0.100000000000000000E+01  0.100000000000000000E+01  0.152082250000000004E+05
  5570.00  0.109322461338888299E+01  0.100000000000000000E+01  0.100000000000000000E+01  0.151809750000000004E+05
  5560.00  0.109264929450489667E+01  0.100000000000000000E+01  0.100000000000000000E+01  0.151537250000000004E+05
  5550.00  0.109210353876651833E+01  0.100000000000000000E+01  0.100000000000000000E+01  0.151264750000000004E+05
  5540.00  0.109158643519947640E+01  0.100000000000000000E+01  0.100000000000000000E+01  0.150992250000000004E+05
  5530.00  0.109109703509707434E+01  0.100000000000000000E+01  0.100000000000000000E+01  0.150719750000000004E+05
  5520.00  0.109063436094751931E+01  0.100000000000000000E+01  0.100000000000000000E+01  0.150447250000000004E+05
  5510.00  0.109019741472408516E+01  0.100000000000000000E+01  0.100000000000000000E+01  0.150174750000000004E+05
  5500.00  0.108978518551128500E+01  0.100000000000000000E+01  0.100000000000000000E+01  0.149902250000000004E+05
  5490.00  0.108939665645411776E+01  0.100000000000000000E+01  0.100000000000000000E+01  0.149629750000000004E+05
  5480.00  0.108903081102956723E+01  0.100000000000000000E+01  0.100000000000000000E+01  0.149357250000000004E+05
  5470.00  0.108868663864993565E+01  0.100000000000000000E+01  0.100000000000000000E+01  0.149084750000000004E+05
  5460.00  0.108836313961623654E+01  0.100000000000000000E+01  0.100000000000000000E+01  0.148812250000000004E+05
  5450.00  0.108805932944689498E+01  0.100000000000000000E+01  0.100000000000000000E+01  0.148539750000000004E+05
  5440.00  0.108777424261248057E+01  0.100000000000000000E+01  0.100000000000000000E+01  0.148267250000000004E+05
  5430.00  0.108750693571127677E+01  0.100000000000000000E+01  0.100000000000000000E+01  0.147994750000000004E+05
  5420.00  0.108725649012331704E+01  0.100000000000000000E+01  0.100000000000000000E+01  0.147722250000000004E+05
  5410.00  0.108702201418223665E+01  0.100000000000000000E+01  0.100000000000000000E+01  0.147449750000000004E+05
  5400.00  0.108680264490507539E+01  0.100000000000000000E+01  0.100000000000000000E+01  0.147177250000000004E+05
  5390.00  0.108659754932012342E+01  0.100000000000000000E+01  0.100000000000000000E+01  0.146904750000000004E+05
  5380.00  0.108640592543224468E+01  0.100000000000000000E+01  0.100000000000000000E+01  0.146632250000000004E+05
  5370.00  0.108622700286388563E+01  0.100000000000000000E+01  0.100000000000000000E+01  0.146359750000000004E+05
  5360.00  0.108606004320836869E+01  0.100000000000000000E+01  0.100000000000000000E+01  0.146087250000000004E+05
  5350.00  0.108590434013014470E+01  0.100000000000000000E+01  0.100000000000000000E+01  0.145814750000000004E+05
  5340.00  0.108575921924454066E+01  0.100000000000000000E+01  0.100000000000000000E+01  0.145542250000000004E+05
  5330.00  0.108562403780727390E+01  0.100000000000000000E+01  0.100000000000000000E+01  0.145269750000000004E+05
  5320.00  0.108549818424166200E+01  0.100000000000000000E+01  0.100000000000000000E+01  0.144997250000000004E+05
  5310.00  0.108538107752910351E+01  0.100000000000000000E+01  0.100000000000000000E+01  0.144724750000000004E+05
  5300.00  0.108527216648608760E+01  0.100000000000000000E+01  0.100000000000000000E+01  0.144452250000000004E+05
  5290.00  0.108517092894872791E+01  0.100000000000000000E+01  0.100000000000000000E+01  0.144179750000000004E+05
  5280.00  0.108507687088365201E+01  0.100000000000000000E+01  0.100000000000000000E+01  0.143907250000000004E+05
  5270.00  0.108498952544202165E+01  0.100000000000000000E+01  0.100000000000000000E+01  0.143634750000000004E+05
  5260.00  0.108490845197153041E+01  0.100000000000000000E+01  0.100000000000000000E+01  0.143362250000000004E+05
  5250.00  0.108483323499941431E+01  0.100000000000000000E+01  0.100000000000000000E+01  0.143089750000000004E+05
  5240.00  0.108476348319786653E+01  0.100000000000000000E+01  0.100000000000000000E+01  0.142817250000000004E+05
  5230.00  0.108469882834169629E+01  0.100000000000000000E+01  0.100000000000000000E+01  0.142544750000000004E+05
  5220.00  0.108463892426670316E+01  0.100000000000000000E+01  0.100000000000000000E+01  0.142272250000000004E+05
  5210.00  0.108458344583595556E+01  0.100000000000000000E+01  0.100000000000000000E+01  0.141999750000000004E+05
  5200.00  0.108453208792004263E+01  0.100000000000000000E+01  0.100000000000000000E+01  0.141727250000000004E+05
  5190.00  0.108448456439633611E+01  0.100000000000000000E+01  0.100000000000000000E+01  0.141454750000000004E+05
  5180.00  0.108444060717140633E+01  0.100000000000000000E+01  0.100000000000000000E+01  0.141182250000000004E+05
  5170.00  0.108439996522991389E+01  0.100000000000000000E+01  0.100000000000000000E+01  0.140909750000000004E+05
  5160.00  0.108436240371261494E+01  0.100000000000000000E+01  0.100000000000000000E+01  0.140637250000000004E+05
  5150.00  0.108432770302547432E+01  0.100000000000000000E+01  0.100000000000000000E+01  0.140364750000000004E+05
  5140.00  0.108429565798135297E+01  0.100000000000000000E+01  0.100000000000000000E+01  0.140092250000000004E+05
  5130.00  0.108426607697526789E+01  0.100000000000000000E+01  0.100000000000000000E+01  0.139819750000000004E+05
  5120.00  0.108423878119381412E+01  0.100000000000000000E+01  0.100000000000000000E+01  0.139547250000000004E+05
  5110.00  0.108421360385899934E+01  0.100000000000000000E+01  0.100000000000000000E+01  0.139274750000000004E+05
  5100.00  0.108419038950644642E+01  0.100000000000000000E+01  0.100000000000000000E+01  0.139002250000000004E+05
  5090.00  0.108416899329767924E+01  0.100000000000000000E+01  0.100000000000000000E+01  0.138729750000000004E+05
  5080.00  0.108414928036599578E+01  0.100000000000000000E+01  0.100000000000000000E+01  0.138457250000000004E+05
  5070.00  0.108413112519527166E+01  0.100000000000000000E+01  0.100000000000000000E+01  0.138184750000000004E+05
  5060.00  0.108411441103089823E+01  0.100000000000000000E+01  0.100000000000000000E+01  0.137912250000000004E+05
  5050.00  0.108409902932195479E+01  0.100000000000000000E+01  0.100000000000000000E+01  0.137639750000000004E+05
  5040.00  0.108408487919362440E+01  0.100000000000000000E+01  0.100000000000000000E+01  0.137367250000000004E+05
  5030.00  0.108407186694880986E+01  0.100000000000000000E+01  0.100000000000000000E+01  0.137094750000000004E+05
  5020.00  0.108405990559785304E+01  0.100000000000000000E+01  0.100000000000000000E+01  0.136822250000000004E+05
  5010.00  0.108404891441523876E+01  0.100000000000000000E+01  0.100000000000000000E+01  0.136549750000000004E+05
  5000.00  0.108393079602698550E+01  0.100000000000000000E+01  0.100000000000000000E+01  0.136277250000000004E+05
  4990.00  0.108393079602698550E+01  0.100000000000000000E+01  0.100000000000000000E+01  0.136004750000000004E+05
  4980.00  0.108393079602698550E+01  0.100000000000000000E+01  0.100000000000000000E+01  0.135732250000000004E+05
  4970.00  0.108393079602698550E+01  0.100000000000000000E+01  0.100000000000000000E+01  0.135459750000000004E+05
  4960.00  0.108393079602698550E+01  0.100000000000000000E+01  0.100000000000000000E+01  0.135187250000000004E+05
  4950.00  0.108393079602698550E+01  0.100000000000000000E+01  0.100000000000000000E+01  0.134914750000000004E+05
  4940.00  0.108393079602698550E+01  0.100000000000000000E+01  0.100000000000000000E+01  0.134642250000000004E+05
  4930.00  0.108393079602698550E+01  0.100000000000000000E+01  0.100000000000000000E+01  0.134369750000000004E+05
  4920.00  0.108393079602698550E+01  0.100000000000000000E+01  0.100000000000000000E+01  0.134097250000000004E+05
  4910.00  0.108393079602698550E+01  0.100000000000000000E+01  0.100000000000000000E+01  0.133824750000000004E+05
  4900.00  0.108393079602698550E+01  0.100000000000000000E+01  0.100000000000000000E+01  0.133552250000000004E+05
  4890.00  0.108393079602698550E+01  0.100000000000000000E+01  0.100000000000000000E+01  0.133279750000000004E+05
  4880.00  0.108393079602698550E+01  0.100000000000000000E+01  0.100000000000000000E+01  0.133007250000000004E+05
  4870.00  0.108393079602698550E+01  0.100000000000000000E+01  0.100000000000000000E+01  0.132734750000000004E+05
  4860.00  0.108393079602698550E+01  0.100000000000000000E+01  0.100000000000000000E+01  0.132462250000000004E+05
  4850.00  0.108393079602698550E+01  0.100000000000000000E+01  0.100000000000000000E+01  0.132189750000000004E+05
  4840.00  0.108393079602698550E+01  0.100000000000000000E+01  0.100000000000000000E+01  0.131917250000000004E+05
  4830.00  0.108393079602698550E+01  0.100000000000000000E+01  0.100000000000000000E+01  0.131644750000000004E+05
  4820.00  0.108393079602698550E+01  0.100000000000000000E+01  0.100000000000000000E+01  0.131372250000000004E+05
  4810.00  0.108393079602698550E+01  0.100000000000000000E+01  0.100000000000000000E+01  0.131099750000000004E+05
  4800.00  0.108393079602698550E+01  0.100000000000000000E+01  0.100000000000000000E+01  0.130827250000000004E+05
  4790.00  0.108393079602698550E+01  0.100000000000000000E+01  0.100000000000000000E+01  0.130554750000000004E+05
  4780.00  0.108393079602698550E+01  0.100000000000000000E+01  0.100000000000000000E+01  0.130282250000000004E+05
  4770.00  0.108393079602698550E+01  0.100000000000000000E+01  0.100000000000000000E+01  0.130009750000000004E+05
  4760.00  0.108393079602698550E+01  0.100000000000000000E+01  0.100000000000000000E+01  0.129737250000000004E+05
  4750.00  0.108393079602698550E+01  0.100000000000000000E+01  0.100000000000000000E+01  0.129464750000000004E+05
  4740.00  0.108393079602698550E+01  0.100000000000000000E+01  0.100000000000000000E+01  0.129192250000000004E+05
  4730.00  0.108393079602698550E+01  0.100000000000000000E+01  0.100000000000000000E+01  0.128919750000000004E+05
  4720.00  0.108393079602698550E+01  0.100000000000000000E+01  0.100000000000000000E+01  0.128647250000000004E+05
  4710.00  0.108393079602698550E+01  0.100000000000000000E+01  0.100000000000000000E+01  0.128374750000000004E+05
  4700.00  0.108393079602698550E+01  0.100000000000000000E+01  0.100000000000000000E+01  0.128102250000000004E+05
  4690.00  0.108393079602698550E+01  0.100000000000000000E+01  0.100000000000000000E+01  0.127829750000000004E+05
  4680.00  0.108393079602698550E+01  0.100000000000000000E+01  0.100000000000000000E+01  0.127557250000000004E+05
  4670.00  0.108393079602698550E+01  0.100000000000000000E+01  0.100000000000000000E+01  0.127284750000000004E+05
  4660.00  0.108393079602698550E+01  0.100000000000000000E+01  0.100000000000000000E+01  0.127012250000000004E+05
  4650.00  0.108393079602698550E+01  0.100000000000000000E+01  0.100000000000000000E+01  0.126739750000000004E+05
  4640.00  0.108393079602698550E+01  0.100000000000000000E+01  0.100000000000000000E+01  0.126467250000000004E+05
  4630.00  0.108393079602698550E+01  0.100000000000000000E+01  0.100000000000000000E+01  0.126194750000000004E+05
  4620.00  0.108393079602698550E+01  0.100000000000000000E+01  0.100000000000000000E+01  0.125922250000000004E+05
  4610.00  0.108393079602698550E+01  0.100000000000000000E+01  0.100000000000000000E+01  0.125649750000000004E+05
  4600.00  0.108393079602698550E+01  0.100000000000000000E+01  0.100000000000000000E+01  0.125377250000000004E+05
  4590.00  0.108393079602698550E+01  0.100000000000000000E+01  0.100000000000000000E+01  0.125104750000000004E+05
  4580.00  0.108393079602698550E+01  0.100000000000000000E+01  0.100000000000000000E+01  0.124832250000000004E+05
  4570.00  0.108393079602698550E+01  0.100000000000000000E+01  0.100000000000000000E+01  0.124559750000000004E+05
  4560.00  0.108393079602698550E+01  0.100000000000000000E+01  0.100000000000000000E+01  0.124287250000000004E+05
  4550.00  0.108393079602698550E+01  0.100000000000000000E+01  0.100000000000000000E+01  0.124014750000000004E+05
  4540.00  0.108393079602698550E+01  0.100000000000000000E+01  0.100000000000000000E+01  0.123742250000000004E+05
  4530.00  0.108393079602698550E+01  0.100000000000000000E+01  0.100000000000000000E+01  0.123469750000000004E+05
  4520.00  0.108393079602698550E+01  0.100000000000000000E+01  0.100000000000000000E+01  0.123197250000000004E+05
  4510.00  0.108393079602698550E+01  0.100000000000000000E+01  0.100000000000000000E+01  0.122924750000000004E+05
  4500.00  0.108393079602698550E+01  0.100000000000000000E+01  0.100000000000000000E+01  0.122652250000000004E+05
  4490.00  0.108393079602698550E+01  0.100000000000000000E+01  0.100000000000000000E+01  0.122379750000000004E+05
  4480.00  0.108393079602698550E+01  0.100000000000000000E+01  0.100000000000000000E+01  0.122107250000000004E+05
  4470.00  0.108393079602698550E+01  0.100000000000000000E+01  0.100000000000000000E+01  0.121834750000000004E+05
  4460.00  0.108393079602698550E+01  0.100000000000000000E+01  0.100000000000000000E+01  0.121562250000000004E+05
  4450.00  0.108393079602698550E+01  0.100000000000000000E+01  0.100000000000000000E+01  0.121289750000000004E+05
  4440.00  0.108393079602698550E+01  0.100000000000000000E+01  0.100000000000000000E+01  0.121017250000000004E+05
  4430.00  0.108393079602698550E+01  0.100000000000000000E+01  0.100000000000000000E+01  0.120744750000000004E+05
  4420.00  0.108393079602698550E+01  0.100000000000000000E+01  0.100000000000000000E+01  0.120472250000000004E+05
  4410.00  0.108393079602698550E+01  0.100000000000000000E+01  0.100000000000000000E+01  0.120199750000000004E+05
  4400.00  0.108393079602698550E+01  0.100000000000000000E+01  0.100000000000000000E+01  0.119927250000000004E+05
  4390.00  0.108393079602698550E+01  0.100000000000000000E+01  0.100000000000000000E+01  0.119654750000000004E+05
  4380.00  0.108393079602698550E+01  0.100000000000000000E+01  0.100000000000000000E+01  0.119382250000000004E+05
  4370.00  0.108393079602698550E+01  0.100000000000000000E+01  0.100000000000000000E+01  0.119109750000000004E+05
  4360.00  0.108393079602698550E+01  0.100000000000000000E+01  0.100000000000000000E+01  0.118837250000000004E+05
  4350.00  0.108393079602698550E+01  0.100000000000000000E+01  0.100000000000000000E+01  0.118564750000000004E+05
  4340.00  0.108393079602698550E+01  0.100000000000000000E+01  0.100000000000000000E+01  0.118292250000000004E+05
  4330.00  0.108393079602698550E+01  0.100000000000000000E+01  0.100000000000000000E+01  0.118019750000000004E+05
  4320.00  0.108393079602698550E+01  0.100000000000000000E+01  0.100000000000000000E+01  0.117747250000000004E+05
  4310.00  0.108393079602698550E+01  0.100000000000000000E+01  0.100000000000000000E+01  0.117474750000000004E+05
  4300.00  0.108393079602698550E+01  0.100000000000000000E+01  0.100000000000000000E+01  0.117202250000000004E+05
  4290.00  0.108393079602698550E+01  0.100000000000000000E+01  0.100000000000000000E+01  0.116929750000000004E+05
  4280.00  0.108393079602698550E+01  0.100000000000000000E+01  0.100000000000000000E+01  0.116657250000000004E+05
  4270.00  0.108393079602698550E+01  0.100000000000000000E+01  0.100000000000000000E+01  0.116384750000000004E+05
  4260.00  0.108393079602698550E+01  0.100000000000000000E+01  0.100000000000000000E+01  0.116112250000000004E+05
  4250.00  0.108393079602698550E+01  0.100000000000000000E+01  0.100000000000000000E+01  0.115839750000000004E+05
  4240.00  0.108393079602698550E+01  0.100000000000000000E+01  0.100000000000000000E+01  0.115567250000000004E+05
  4230.00  0.108393079602698550E+01  0.100000000000000000E+01  0.100000000000000000E+01  0.115294750000000004E+05
  4220.00  0.108393079602698550E+01  0.100000000000000000E+01  0.100000000000000000E+01  0.115022250000000004E+05
  4210.00  0.108393079602698550E+01  0.100000000000000000E+01  0.100000000000000000E+01  0.114749750000000004E+05
  4200.00  0.108393079602698550E+01  0.100000000000000000E+01  0.100000000000000000E+01  0.114477250000000004E+05
  4190.00  0.108393079602698550E+01  0.100000000000000000E+01  0.100000000000000000E+01  0.114204750000000004E+05
  4180.00  0.108393079602698550E+01  0.100000000000000000E+01  0.100000000000000000E+01  0.113932250000000004E+05
  4170.00  0.108393079602698550E+01  0.100000000000000000E+01  0.100000000000000000E+01  0.113659750000000004E+05
  4160.00  0.108393079602698550E+01  0.100000000000000000E+01  0.100000000000000000E+01  0.113387250000000004E+05
  4150.00  0.108393079602698550E+01  0.100000000000000000E+01  0.100000000000000000E+01  0.113114750000000004E+05
  4140.00  0.108393079602698550E+01  0.100000000000000000E+01  0.100000000000000000E+01  0.112842250000000004E+05
  4130.00  0.108393079602698550E+01  0.100000000000000000E+01  0.100000000000000000E+01  0.112569750000000004E+05
  4120.00  0.108393079602698550E+01  0.100000000000000000E+01  0.100000000000000000E+01  0.112297250000000004E+05
  4110.00  0.108393079602698550E+01  0.100000000000000000E+01  0.100000000000000000E+01  0.112024750000000004E+05
  4100.00  0.108393079602698550E+01  0.100000000000000000E+01  0.100000000000000000E+01  0.111752250000000004E+05
  4090.00  0.108393079602698550E+01  0.100000000000000000E+01  0.100000000000000000E+01  0.111479750000000004E+05
  4080.00  0.108393079602698550E+01  0.100000000000000000E+01  0.100000000000000000E+01  0.111207250000000004E+05
  4070.00  0.108393079602698550E+01  0.100000000000000000E+01  0.100000000000000000E+01  0.110934750000000004E+05
  4060.00  0.108393079602698550E+01  0.100000000000000000E+01  0.100000000000000000E+01  0.110662250000000004E+05
  4050.00  0.108393079602698550E+01  0.100000000000000000E+01  0.100000000000000000E+01  0.110389750000000004E+05
  4040.00  0.108393079602698550E+01  0.100000000000000000E+01  0.100000000000000000E+01  0.110117250000000004E+05
  4030.00  0.108393079602698550E+01  0.100000000000000000E+01  0.100000000000000000E+01  0.109844750000000004E+05
  4020.00  0.108393079602698550E+01  0.100000000000000000E+01  0.100000000000000000E+01  0.109572250000000004E+05
  4010.00  0.108393079602698550E+01  0.100000000000000000E+01  0.100000000000000000E+01  0.109299750000000004E+05
  4000.00  0.108393079602698550E+01  0.100000000000000000E+01  0.100000000000000000E+01  0.109027250000000004E+05
  3990.00  0.108393079602698550E+01  0.100000000000000000E+01  0.100000000000000000E+01  0.108754750000000004E+05
  3980.00  0.108393079602698550E+01  0.100000000000000000E+01  0.100000000000000000E+01  0.108482250000000004E+05
  3970.00  0.108393079602698550E+01  0.100000000000000000E+01  0.100000000000000000E+01  0.108209750000000004E+05
  3960.00  0.108393079602698550E+01  0.100000000000000000E+01  0.100000000000000000E+01  0.107937250000000004E+05
  3950.00  0.108393079602698550E+01  0.100000000000000000E+01  0.100000000000000000E+01  0.107664750000000004E+05
  3940.00  0.108393079602698550E+01  0.100000000000000000E+01  0.100000000000000000E+01  0.107392250000000004E+05
  3930.00  0.108393079602698550E+01  0.100000000000000000E+01  0.100000000000000000E+01  0.107119750000000004E+05
  3920.00  0.108393079602698550E+01  0.100000000000000000E+01  0.100000000000000000E+01  0.106847250000000004E+05
  3910.00  0.108393079602698550E+01  0.100000000000000000E+01  0.100000000000000000E+01  0.106574750000000004E+05
  3900.00  0.108393079602698550E+01  0.100000000000000000E+01  0.100000000000000000E+01  0.106302250000000004E+05
  3890.00  0.108393079602698550E+01  0.100000000000000000E+01  0.100000000000000000E+01  0.106029750000000004E+05
  3880.00  0.108393079602698550E+01  0.100000000000000000E+01  0.100000000000000000E+01  0.105757250000000004E+05
  3870.00  0.108393079602698550E+01  0.100000000000000000E+01  0.100000000000000000E+01  0.105484750000000004E+05
  3860.00  0.108393079602698550E+01  0.100000000000000000E+01  0.100000000000000000E+01  0.105212250000000004E+05
  3850.00  0.108393079602698550E+01  0.100000000000000000E+01  0.100000000000000000E+01  0.104939750000000004E+05
  3840.00  0.108393079602698550E+01  0.100000000000000000E+01  0.100000000000000000E+01  0.104667250000000004E+05
  3830.00  0.108393079602698550E+01  0.100000000000000000E+01  0.100000000000000000E+01  0.104394750000000004E+05
  3820.00  0.108393079602698550E+01  0.100000000000000000E+01  0.100000000000000000E+01  0.104122250000000004E+05
  3810.00  0.108393079602698550E+01  0.100000000000000000E+01  0.100000000000000000E+01  0.103849750000000004E+05
  3800.00  0.108393079602698550E+01  0.100000000000000000E+01  0.100000000000000000E+01  0.103577250000000004E+05
  3790.00  0.108393079602698550E+01  0.100000000000000000E+01  0.100000000000000000E+01  0.103304750000000004E+05
  3780.00  0.108393079602698550E+01  0.100000000000000000E+01  0.100000000000000000E+01  0.103032250000000004E+05
  3770.00  0.108393079602698550E+01  0.100000000000000000E+01  0.100000000000000000E+01  0.102759750000000004E+05
  3760.00  0.108393079602698550E+01  0.100000000000000000E+01  0.100000000000000000E+01  0.102487250000000004E+05
  3750.00  0.108393079602698550E+01  0.100000000000000000E+01  0.100000000000000000E+01  0.102214750000000004E+05
  3740.00  0.108393079602698550E+01  0.100000000000000000E+01  0.100000000000000000E+01  0.101942250000000004E+05
  3730.00  0.108393079602698550E+01  0.100000000000000000E+01  0.100000000000000000E+01  0.101669750000000004E+05
  3720.00  0.108393079602698550E+01  0.100000000000000000E+01  0.100000000000000000E+01  0.101397250000000004E+05
  3710.00  0.108393079602698550E+01  0.100000000000000000E+01  0.100000000000000000E+01  0.101124750000000004E+05
  3700.00  0.108393079602698550E+01  0.100000000000000000E+01  0.100000000000000000E+01  0.100852250000000004E+05
  3690.00  0.108393079602698550E+01  0.100000000000000000E+01  0.100000000000000000E+01  0.100579750000000004E+05
  3680.00  0.108393079602698550E+01  0.100000000000000000E+01  0.100000000000000000E+01  0.100307250000000004E+05
  3670.00  0.108393079602698550E+01  0.100000000000000000E+01  0.100000000000000000E+01  0.100034750000000004E+05
  3660.00  0.108393079602698550E+01  0.100000000000000000E+01  0.100000000000000000E+01  0.997622500000000036E+04
  3650.00  0.108393079602698550E+01  0.100000000000000000E+01  0.100000000000000000E+01  0.994897500000000036E+04
  3640.00  0.108393079602698550E+01  0.100000000000000000E+01  0.100000000000000000E+01  0.992172500000000036E+04
  3630.00  0.108393079602698550E+01  0.100000000000000000E+01  0.100000000000000000E+01  0.989447500000000036E+04
  3620.00  0.108393079602698550E+01  0.100000000000000000E+01  0.100000000000000000E+01  0.986722500000000036E+04
  3610.00  0.108393079602698550E+01  0.100000000000000000E+01  0.100000000000000000E+01  0.983997500000000036E+04
  3600.00  0.108393079602698550E+01  0.100000000000000000E+01  0.100000000000000000E+01  0.981272500000000036E+04
  3590.00  0.108393079602698550E+01  0.100000000000000000E+01  0.100000000000000000E+01  0.978547500000000036E+04
  3580.00  0.108393079602698550E+01  0.100000000000000000E+01  0.100000000000000000E+01  0.975822500000000036E+04
  3570.00  0.108393079602698550E+01  0.100000000000000000E+01  0.100000000000000000E+01  0.973097500000000036E+04
  3560.00  0.108393079602698550E+01  0.100000000000000000E+01  0.100000000000000000E+01  0.970372500000000036E+04
  3550.00  0.108393079602698550E+01  0.100000000000000000E+01  0.100000000000000000E+01  0.967647500000000036E+04
  3540.00  0.108393079602698550E+01  0.100000000000000000E+01  0.100000000000000000E+01  0.964922500000000036E+04
  3530.00  0.108393079602698550E+01  0.100000000000000000E+01  0.100000000000000000E+01  0.962197500000000036E+04
  3520.00  0.108393079602698550E+01  0.100000000000000000E+01  0.100000000000000000E+01  0.959472500000000036E+04
  3510.00  0.108393079602698550E+01  0.100000000000000000E+01  0.100000000000000000E+01  0.956747500000000036E+04
  3500.00  0.108393009878636803E+01  0.100000000000000000E+01  0.999991692672410615E+00  0.954022500000000036E+04
  3490.00  0.108393003967648838E+01  0.100000000000000000E+01  0.999990988403150038E+00  0.951297500000000036E+04
  3480.00  0.108392997515329625E+01  0.100000000000000000E+01  0.999990219636556876E+00  0.948572500000000036E+04
  3470.00  0.108392990470747463E+01  0.100000000000000000E+01  0.999989380304333708E+00  0.945847500000000036E+04
  3460.00  0.108392982772784308E+01  0.100000000000000000E+01  0.999988463124523608E+00  0.943122500000000036E+04
  3450.00  0.108392974359594518E+01  0.100000000000000000E+01  0.999987460728479771E+00  0.940397500000000036E+04
  3440.00  0.108392965156963328E+01  0.100000000000000000E+01  0.999986364273825923E+00  0.937672500000000036E+04
  3430.00  0.108392955088493181E+01  0.100000000000000000E+01  0.999985164658116044E+00  0.934947500000000036E+04
  3420.00  0.108392944065417396E+01  0.100000000000000000E+01  0.999983851305174420E+00  0.932222500000000036E+04
  3410.00  0.108392931991329533E+01  0.100000000000000000E+01  0.999982412728581016E+00  0.929497500000000036E+04
  3400.00  0.108392918758545420E+01  0.100000000000000000E+01  0.999980836098221304E+00  0.926772500000000036E+04
  3390.00  0.108392904248466948E+01  0.100000000000000000E+01  0.999979107283631263E+00  0.924047500000000036E+04
  3380.00  0.108392888329399284E+01  0.100000000000000000E+01  0.999977210593927635E+00  0.921322500000000036E+04
  3370.00  0.108392870855095680E+01  0.100000000000000000E+01  0.999975128604427832E+00  0.918597500000000036E+04
  3360.00  0.108392851662574685E+01  0.100000000000000000E+01  0.999972841896580089E+00  0.915872500000000036E+04
  3350.00  0.108392830571392551E+01  0.100000000000000000E+01  0.999970328971273470E+00  0.913147500000000036E+04
  3340.00  0.108392807381096645E+01  0.100000000000000000E+01  0.999967565945423131E+00  0.910422500000000036E+04
  3330.00  0.108392781868315069E+01  0.100000000000000000E+01  0.999964526205210480E+00  0.907697500000000036E+04
  3320.00  0.108392753784210072E+01  0.100000000000000000E+01  0.999961180102668101E+00  0.904972500000000036E+04
  3310.00  0.108392722852295265E+01  0.100000000000000000E+01  0.999957494695609905E+00  0.902247500000000036E+04
  3300.00  0.108392688763888145E+01  0.100000000000000000E+01  0.999953433205819198E+00  0.899522500000000036E+04
  3290.00  0.108392651174654020E+01  0.100000000000000000E+01  0.999948954607270846E+00  0.896797500000000036E+04
  3280.00  0.108392609701331821E+01  0.100000000000000000E+01  0.999944013236026663E+00  0.894072500000000036E+04
  3270.00  0.108392563915003848E+01  0.100000000000000000E+01  0.999938557988353405E+00  0.891347500000000036E+04
  3260.00  0.108392513336821139E+01  0.100000000000000000E+01  0.999932531811419278E+00  0.888622500000000036E+04
  3250.00  0.108392457431637013E+01  0.100000000000000000E+01  0.999925870944756157E+00  0.885897500000000036E+04
  3240.00  0.108392395600549207E+01  0.100000000000000000E+01  0.999918504031688249E+00  0.883172500000000036E+04
  3230.00  0.108392327173442027E+01  0.100000000000000000E+01  0.999910351230759442E+00  0.880447500000000036E+04
  3220.00  0.108392251399527595E+01  0.100000000000000000E+01  0.999901323088764005E+00  0.877722500000000036E+04
  3210.00  0.108392167437432363E+01  0.100000000000000000E+01  0.999891319359595854E+00  0.874997500000000036E+04
  3200.00  0.108392074343464628E+01  0.100000000000000000E+01  0.999880227606372851E+00  0.872272500000000036E+04
  3190.00  0.108391971058699710E+01  0.100000000000000000E+01  0.999867921662689674E+00  0.869547500000000036E+04
  3180.00  0.108391856393654962E+01  0.100000000000000000E+01  0.999854259806711165E+00  0.866822500000000036E+04
  3170.00  0.108391729011736970E+01  0.100000000000000000E+01  0.999839082788975042E+00  0.864097500000000036E+04
  3160.00  0.108391587409823842E+01  0.100000000000000000E+01  0.999822211518853532E+00  0.861372500000000036E+04
  3150.00  0.108391429896437330E+01  0.100000000000000000E+01  0.999803444463854940E+00  0.858647500000000036E+04
  3140.00  0.108391254566686257E+01  0.100000000000000000E+01  0.999782554664237488E+00  0.855922500000000036E+04
  3130.00  0.108391059274072177E+01  0.100000000000000000E+01  0.999759286373773870E+00  0.853197500000000036E+04
  3120.00  0.108390841597883991E+01  0.100000000000000000E+01  0.999733351174956542E+00  0.850472500000000036E+04
  3110.00  0.108390598806499838E+01  0.100000000000000000E+01  0.999704423606573300E+00  0.847747500000000036E+04
  3100.00  0.108390327815072851E+01  0.100000000000000000E+01  0.999672136122143895E+00  0.845022500000000036E+04
  3090.00  0.108390025137441626E+01  0.100000000000000000E+01  0.999636073360255062E+00  0.842297500000000036E+04
  3080.00  0.108389686831128529E+01  0.100000000000000000E+01  0.999595765591341778E+00  0.839572500000000036E+04
  3070.00  0.108389308434357190E+01  0.100000000000000000E+01  0.999550681213586367E+00  0.836847500000000036E+04
  3060.00  0.108388884893975046E+01  0.100000000000000000E+01  0.999500218165194965E+00  0.834122500000000036E+04
  3050.00  0.108388410482962172E+01  0.100000000000000000E+01  0.999443694095922264E+00  0.831397500000000036E+04
  3040.00  0.108387878705786989E+01  0.100000000000000000E+01  0.999380335090604088E+00  0.828672500000000036E+04
  3030.00  0.108387282189903544E+01  0.100000000000000000E+01  0.999309262741516324E+00  0.825947500000000036E+04
  3020.00  0.108386612561230322E+01  0.100000000000000000E+01  0.999229479312200741E+00  0.823222500000000036E+04
  3010.00  0.108385860301143566E+01  0.100000000000000000E+01  0.999139850698823384E+00  0.820497500000000036E+04
  3000.00  0.108385014582086114E+01  0.100000000000000000E+01  0.999039086843661051E+00  0.817772500000000036E+04
  2990.00  0.108384063078636927E+01  0.100000000000000000E+01  0.998925719224833641E+00  0.815047500000000036E+04
  2980.00  0.108382991750090696E+01  0.100000000000000000E+01  0.998798074951581794E+00  0.812322500000000036E+04
  2970.00  0.108381784590193320E+01  0.100000000000000000E+01  0.998654246946306112E+00  0.809597500000000036E+04
  2960.00  0.108380423338974197E+01  0.100000000000000000E+01  0.998492059610600946E+00  0.806872500000000036E+04
  2950.00  0.108378887150649916E+01  0.100000000000000000E+01  0.998309029257381519E+00  0.804147500000000036E+04
  2940.00  0.108377152210908889E+01  0.100000000000000000E+01  0.998102318511963515E+00  0.801422500000000036E+04
  2930.00  0.108375191295570517E+01  0.100000000000000000E+01  0.997868683728165839E+00  0.798697500000000036E+04
  2920.00  0.108372973261577954E+01  0.100000000000000000E+01  0.997604414342248225E+00  0.795972500000000036E+04
  2910.00  0.108370462459834016E+01  0.100000000000000000E+01  0.997305262914787605E+00  0.793247500000000036E+04
  2900.00  0.108367618057755521E+01  0.100000000000000000E+01  0.996966364415888595E+00  0.790522500000000036E+04
  2890.00  0.108364393257764391E+01  0.100000000000000000E+01  0.996582143111697238E+00  0.787797500000000036E+04
  2880.00  0.108360734395785130E+01  0.100000000000000000E+01  0.996146205154182285E+00  0.785072500000000036E+04
  2870.00  0.108356579901689543E+01  0.100000000000000000E+01  0.995651214722511502E+00  0.782347500000000036E+04
  2860.00  0.108351859101108516E+01  0.100000000000000000E+01  0.995088751263984439E+00  0.779622500000000036E+04
  2850.00  0.108346490835394604E+01  0.100000000000000000E+01  0.994449145068400875E+00  0.776897500000000036E+04
  2840.00  0.108340381873640013E+01  0.100000000000000000E+01  0.993721288066707786E+00  0.774172500000000036E+04
  2830.00  0.108333425087765534E+01  0.100000000000000000E+01  0.992892416400550593E+00  0.771447500000000036E+04
  2820.00  0.108325497358698897E+01  0.100000000000000000E+01  0.991947860952263394E+00  0.768722500000000036E+04
  2810.00  0.108316457179034131E+01  0.100000000000000000E+01  0.990870761711853620E+00  0.765997500000000036E+04
  2800.00  0.108306141915221588E+01  0.100000000000000000E+01  0.989641741578501488E+00  0.763272500000000036E+04
  2790.00  0.108301086628715848E+01  0.100000000000000000E+01  0.989039425534207983E+00  0.760547499040555067E+04
  2780.00  0.108291508278276183E+01  0.100000000000000000E+01  0.987898205518067729E+00  0.757822498068503319E+04
  2770.00  0.108280191298318118E+01  0.100000000000000000E+01  0.986549835135112629E+00  0.755097497086456315E+04
  2760.00  0.108267654338122576E+01  0.100000000000000000E+01  0.985056109257484103E+00  0.752372496094806775E+04
  2750.00  0.108254001258860932E+01  0.100000000000000000E+01  0.983429402505262118E+00  0.749647495093537873E+04
  2740.00  0.108239254333491131E+01  0.100000000000000000E+01  0.981672368607351076E+00  0.746922494082550293E+04
  2730.00  0.108223175712183228E+01  0.100000000000000000E+01  0.979756668760690230E+00  0.744197493061478690E+04
  2720.00  0.108204247793051533E+01  0.100000000000000000E+01  0.977501487107748424E+00  0.741472492028644774E+04
  2710.00  0.108184529563074050E+01  0.100000000000000000E+01  0.975152143254135351E+00  0.738747490986006233E+04
  2700.00  0.108163781406338111E+01  0.100000000000000000E+01  0.972680087975490659E+00  0.736022489933190172E+04
  2690.00  0.108141899837687250E+01  0.100000000000000000E+01  0.970072991452323286E+00  0.733297488869957942E+04
  2680.00  0.108118843811058318E+01  0.100000000000000000E+01  0.967325963219500262E+00  0.730572487796131190E+04
  2670.00  0.108094603081951446E+01  0.999999985098838806E+00  0.964437960229162505E+00  0.727847486711562397E+04
  2660.00  0.108069190429644402E+01  0.999999985098838806E+00  0.961410149996207219E+00  0.725122485616120684E+04
  2650.00  0.108042625756056765E+01  0.999999985098838806E+00  0.958245081291378864E+00  0.722397484509685455E+04
  2640.00  0.108014938122519433E+01  0.999999985098838806E+00  0.954946216649556923E+00  0.719672483392142112E+04
  2630.00  0.107986161791753466E+01  0.999999985098838806E+00  0.951517638329306026E+00  0.716947482263379607E+04
  2620.00  0.107956335265078351E+01  0.999999992549419403E+00  0.947963844829766034E+00  0.714222481123289162E+04
  2610.00  0.107925497023995720E+01  0.999999992549419403E+00  0.944289598600444480E+00  0.711497479971762186E+04
  2600.00  0.107893688991631165E+01  0.999999992549419403E+00  0.940499805834231095E+00  0.708772478808689993E+04
  2590.00  0.107860951980199227E+01  0.999999985098838806E+00  0.936599417904709353E+00  0.706047477633962444E+04
  2580.00  0.107827328729078187E+01  0.999999985098838806E+00  0.932593349487314649E+00  0.703322476447467398E+04
  2570.00  0.107792858856951868E+01  0.999999985098838806E+00  0.928486409751485109E+00  0.700597475249089894E+04
  2560.00  0.107757581361333488E+01  0.999999985098838806E+00  0.924283245086270244E+00  0.697872474038711516E+04
  2550.00  0.107721533474376918E+01  0.999999985098838806E+00  0.919988291545621117E+00  0.695147472816210120E+04
  2540.00  0.107684750338217095E+01  0.999999985098838806E+00  0.915605736166546058E+00  0.692422471581459104E+04
  2530.00  0.107647264374409812E+01  0.999999981373548508E+00  0.911139486225795325E+00  0.689697470334327318E+04
  2520.00  0.107609106576140245E+01  0.999999981373548508E+00  0.906593145660014810E+00  0.686972469074678338E+04
  2510.00  0.107570304128263627E+01  0.999999981373548508E+00  0.901969997815197599E+00  0.684247467802370556E+04
  2500.00  0.107530881428973935E+01  0.999999977648258209E+00  0.897272994018403103E+00  0.681522466517256635E+04
  2490.00  0.107490861153215667E+01  0.999999977648258209E+00  0.892504747123020858E+00  0.678797465219183596E+04
  2480.00  0.107450261627200172E+01  0.999999973922967911E+00  0.887667529390281707E+00  0.676072463907992096E+04
  2470.00  0.107409099451187684E+01  0.999999970197677612E+00  0.882763274285846777E+00  0.673347462583517154E+04
  2460.00  0.107367388236480310E+01  0.999999968335032463E+00  0.877793581346267060E+00  0.670622461245587419E+04
  2450.00  0.107325138482950444E+01  0.999999966472387314E+00  0.872759723779640617E+00  0.667897459894024996E+04
  2440.00  0.107282358033637171E+01  0.999999962747097015E+00  0.867662658243589457E+00  0.665172458528646075E+04
  2430.00  0.107239052729829631E+01  0.999999960884451866E+00  0.862503036317795568E+00  0.662447457149260117E+04
  2420.00  0.107195225027945451E+01  0.999999955296516418E+00  0.857281217251935845E+00  0.659722455755670217E+04
  2410.00  0.107150876163952780E+01  0.999999951571226120E+00  0.851997281728509748E+00  0.656997454347672920E+04
  2400.00  0.107106004224260931E+01  0.999999945983290672E+00  0.846651046136527197E+00  0.654272452925058406E+04
  2390.00  0.107060605759369065E+01  0.999999940395355225E+00  0.841242077289891088E+00  0.651547451487610124E+04
  2380.00  0.107014675255662572E+01  0.999999935738742352E+00  0.835769707168388165E+00  0.648822450035105157E+04
  2370.00  0.106968204979197168E+01  0.999999929219484329E+00  0.830233047594151841E+00  0.646097448567313859E+04
  2360.00  0.106921185841860589E+01  0.999999921768903732E+00  0.824631004660662414E+00  0.643372447084000305E+04
  2350.00  0.106873607146316840E+01  0.999999914318323135E+00  0.818962292729182195E+00  0.640647445584921661E+04
  2340.00  0.106825456420103770E+01  0.999999905005097389E+00  0.813225447951130387E+00  0.637922444069828452E+04
  2330.00  0.106776720083279497E+01  0.999999894760549068E+00  0.807418841237456442E+00  0.635197442538464657E+04
  2320.00  0.106724948724074786E+01  0.999999883584678173E+00  0.801250635516998599E+00  0.632472440987443861E+04
  2310.00  0.106672411730488936E+01  0.999999871011823416E+00  0.794991224336926594E+00  0.629747439419387410E+04
  2300.00  0.106619071290008338E+01  0.999999857507646084E+00  0.788636096947723297E+00  0.627022437833987533E+04
  2290.00  0.106564898715602019E+01  0.999999841675162315E+00  0.782181852055237159E+00  0.624297436230942367E+04
  2280.00  0.106509839381019922E+01  0.999999824445694685E+00  0.775621970076085909E+00  0.621572434609909214E+04
  2270.00  0.106453857278728781E+01  0.999999804887920618E+00  0.768952171961013620E+00  0.618847432970562841E+04
  2260.00  0.106396900120544702E+01  0.999999783001840115E+00  0.762166227793663054E+00  0.616122431312549725E+04
  2250.00  0.106338917216471041E+01  0.999999758554622531E+00  0.755258100849025005E+00  0.613397429635510616E+04
  2240.00  0.106279855335637086E+01  0.999999731080606580E+00  0.748221454441743150E+00  0.610672427939074987E+04
  2230.00  0.106219655048939177E+01  0.999999700114130974E+00  0.741049213393176753E+00  0.607947426222856029E+04
  2220.00  0.106158251369328571E+01  0.999999664956703782E+00  0.733733643093076315E+00  0.605222424486450745E+04
  2210.00  0.106095570639589054E+01  0.999999625608325005E+00  0.726265967595098649E+00  0.602497422729434857E+04
  2200.00  0.106031542701416859E+01  0.999999581137672067E+00  0.718637838929868655E+00  0.599772420951379991E+04
  2190.00  0.105966086038119078E+01  0.999999531079083681E+00  0.710839550275737309E+00  0.597047419151831491E+04
  2180.00  0.105899116285707251E+01  0.999999474151991308E+00  0.702861065277089359E+00  0.594322417330320786E+04
  2170.00  0.105830534419636568E+01  0.999999409774318337E+00  0.694690592512679506E+00  0.591597415486347199E+04
  2160.00  0.105760239077036045E+01  0.999999337014742196E+00  0.686316066120685297E+00  0.588872413619395229E+04
  2150.00  0.105688122094012327E+01  0.999999254243448377E+00  0.677724618248422783E+00  0.586147411728927182E+04
  2140.00  0.105614059745870947E+01  0.999999160179868340E+00  0.668901522878330712E+00  0.583422409814369712E+04
  2130.00  0.105537920083509662E+01  0.999999053077772260E+00  0.659831079637543616E+00  0.580697407875123554E+04
  2120.00  0.105459558364826544E+01  0.999998931307345629E+00  0.650496062534255737E+00  0.577972405910555790E+04
  2110.00  0.105378821223702968E+01  0.999998792307451367E+00  0.640878229157791357E+00  0.575247403920004854E+04
  2100.00  0.105295536798314937E+01  0.999998633633367717E+00  0.630957132025232736E+00  0.572522401902764523E+04
  2090.00  0.105209520316041027E+01  0.999998452258296311E+00  0.620710792321853444E+00  0.569797399858091012E+04
  2080.00  0.105120570660268053E+01  0.999998244631569833E+00  0.610115290156982515E+00  0.567072397785195881E+04
  2070.00  0.105028468930670105E+01  0.999998006620444357E+00  0.599144593720860708E+00  0.564347395683242758E+04
  2060.00  0.104932977516469306E+01  0.999997733480995521E+00  0.587770449214329860E+00  0.561622393551343339E+04
  2050.00  0.104833840207577600E+01  0.999997419596184045E+00  0.575962397211736477E+00  0.558897391388556116E+04
  2040.00  0.104730780832631121E+01  0.999997058417648077E+00  0.563687611082011486E+00  0.556172389193881736E+04
  2030.00  0.104623503408118523E+01  0.999996642203768715E+00  0.550910917877508122E+00  0.553447386966260819E+04
  2020.00  0.104511691873837176E+01  0.999996161961462349E+00  0.537594767508248306E+00  0.550722384704571323E+04
  2010.00  0.104395012307821533E+01  0.999995607038727030E+00  0.523699501495923703E+00  0.547997382407628993E+04
  2000.00  0.104273114399990252E+01  0.999994964891811833E+00  0.509183531326809158E+00  0.545272380074187276E+04
  1990.00  0.104145635107824241E+01  0.999994220735970885E+00  0.494003778171491492E+00  0.542547377702940685E+04
  1980.00  0.104012204191861435E+01  0.999993357138009742E+00  0.478116337270321101E+00  0.539822375292530796E+04
  1970.00  0.103872452196771370E+01  0.999992353383277077E+00  0.461477436386800333E+00  0.537097372841557535E+04
  1960.00  0.103726020223624249E+01  0.999991184988175519E+00  0.444044605940401127E+00  0.534372370348593176E+04
  1950.00  0.103572574507032833E+01  0.999989822841598652E+00  0.425778426040900937E+00  0.531647367812206812E+04
  1940.00  0.103409380361583803E+01  0.999988232331816107E+00  0.406353482850994208E+00  0.528922365226790407E+04
  1930.00  0.103238632545261866E+01  0.999986372240527999E+00  0.386031763617176116E+00  0.526197362595083905E+04
  1920.00  0.103060225897480628E+01  0.999984193371346919E+00  0.364801325053739023E+00  0.523472359915912148E+04
  1910.00  0.102874193022302385E+01  0.999981636909069493E+00  0.342666752555371878E+00  0.520747357188306432E+04
  1900.00  0.102680747603711731E+01  0.999978632447891869E+00  0.319654344522114608E+00  0.518022354411594370E+04
  1890.00  0.102480334853194388E+01  0.999975095517584123E+00  0.295818152449989269E+00  0.515297351585508841E+04
  1880.00  0.102273687973284044E+01  0.999970924622175517E+00  0.271246743607021890E+00  0.512572348710314054E+04
  1870.00  0.102061889109591641E+01  0.999965997574690846E+00  0.246070506880279705E+00  0.509847345786950973E+04
  1860.00  0.101846430946952959E+01  0.999960166996970656E+00  0.220469045314541173E+00  0.507122342817192020E+04
  1850.00  0.101629272835118512E+01  0.999953254813590320E+00  0.194677928853924376E+00  0.504397339803796876E+04
  1840.00  0.101412882015236328E+01  0.999945045437925728E+00  0.168993687488406374E+00  0.501672336750649083E+04
  1830.00  0.101200245978169279E+01  0.999935277365693764E+00  0.143775383854565786E+00  0.498947333662843539E+04
  1820.00  0.100994837209945043E+01  0.999923632778518368E+00  0.119440536673916478E+00  0.496222330546682861E+04
  1810.00  0.100800506987881522E+01  0.999909724650024145E+00  0.964526206350798526E-01  0.493497327409526497E+04
  1800.00  0.100621282863591488E+01  0.999893080724177707E+00  0.752971282400959618E-01  0.490772324259428933E+04
  1790.00  0.100461049094220845E+01  0.999873123571433098E+00  0.564437321582428389E-01  0.488047321104508592E+04
  1780.00  0.100323106680688734E+01  0.999849145716325438E+00  0.402941619840525914E-01  0.485322317952023786E+04
  1770.00  0.100209646702547062E+01  0.999820278529568895E+00  0.271198249468502621E-01  0.482597314807212933E+04
  1760.00  0.100121229599012307E+01  0.999785453268486890E+00  0.170002286309471062E-01  0.479872311672088927E+04
  1750.00  0.100056430711602662E+01  0.999743352168934507E+00  0.978133159642728331E-02  0.477147308544538464E+04
  1740.00  0.100011847415167776E+01  0.999692346921847275E+00  0.507712603718631257E-02  0.474422305418169708E+04
  1730.00  0.999826008362176610E+00  0.999630421122219559E+00  0.233033938930068745E-02  0.471697302283240788E+04
  1720.00  0.999632671288015695E+00  0.999555072322891647E+00  0.924558908020681994E-03  0.468972299128580653E+04
  1710.00  0.999489139314597153E+00  0.999463188083723253E+00  0.309197959537109370E-03  0.466247295943835616E+04
  1700.00  0.999358008717640023E+00  0.999350888820345062E+00  0.848305703271761780E-04  0.463522292721087069E+04
  1690.00  0.999214886129968005E+00  0.999213328202586126E+00  0.185620470149919662E-04  0.460797289455241116E+04
  1680.00  0.999044703652509636E+00  0.999044439229805903E+00  0.315048487805043334E-05  0.458072286143379824E+04
  1670.00  0.998836644747635893E+00  0.998836610729199492E+00  0.405315307600949126E-06  0.455347282783783430E+04
  1660.00  0.998580278070985594E+00  0.998580274725441086E+00  0.398607505479071150E-07  0.452622279375196467E+04
  1650.00  0.998263380047834104E+00  0.998263379673232976E+00  0.446321441530962472E-08  0.449897275916467424E+04
  1640.00  0.997870718056695583E+00  0.997870717694610221E+00  0.431409402693577673E-08  0.447172272406423417E+04
  1630.00  0.997383065820610981E+00  0.997383065472462249E+00  0.414804573343687523E-08  0.444447268843833808E+04
  1620.00  0.996776088480015532E+00  0.996776088146930306E+00  0.396857034874770168E-08  0.441722265227396019E+04
  1610.00  0.996018943732070561E+00  0.996018943414938462E+00  0.377849542917806148E-08  0.438997261555720615E+04
  1600.00  0.995072509701214192E+00  0.995072509400728222E+00  0.358016367104983673E-08  0.436272257827314388E+04
  1590.00  0.993887146078769823E+00  0.993887145795454785E+00  0.337557876918019674E-08  0.433547254040558164E+04
  1580.00  0.992399885851480423E+00  0.992399885585712127E+00  0.316651747438450893E-08  0.430822250193677701E+04
  1570.00  0.990530949170708164E+00  0.990530948922724974E+00  0.295461453435650894E-08  0.428097246284706489E+04
  1560.00  0.988179479615633460E+00  0.988179479385543402E+00  0.274142553189535270E-08  0.425372242311437549E+04
  1550.00  0.985220121366809365E+00  0.985220121154567474E+00  0.252877232229025398E-08  0.422647237521516763E+04
  1540.00  0.982114892173374665E+00  0.982114891978837168E+00  0.231783228380171948E-08  0.419922232613122742E+04
  1530.00  0.977870626421478484E+00  0.977870626244372487E+00  0.211014327755100694E-08  0.417197227322358503E+04
  1520.00  0.972712920019064398E+00  0.972712919858989555E+00  0.190722411583726414E-08  0.414472221691926916E+04
  1510.00  0.966511081367512848E+00  0.966511081223944246E+00  0.171055884921027224E-08  0.411747215669401066E+04
  1500.00  0.959142270190241120E+00  0.959142270062533164E+00  0.152158596844468409E-08  0.409022209198852033E+04
  1490.00  0.950499679328608460E+00  0.950499679216001647E+00  0.134166296591723201E-08  0.406297202222109900E+04
  1480.00  0.940498888175680836E+00  0.940498888077311856E+00  0.117202536457327848E-08  0.403572194679687118E+04
  1470.00  0.929081969716047062E+00  0.929081969630962679E+00  0.101374407963196112E-08  0.400847186511280916E+04
  1460.00  0.916219171058466175E+00  0.916219170985640652E+00  0.867685210027965728E-09  0.398122177655794485E+04
  1450.00  0.901908498293325867E+00  0.901908498231680733E+00  0.734476161450407114E-09  0.395397168050931623E+04
  1440.00  0.886173786164174637E+00  0.886173786112600670E+00  0.614481417323352673E-09  0.392672157632470180E+04
  1430.00  0.869061843620233088E+00  0.869061843577613846E+00  0.507790395703979363E-09  0.389947146333324235E+04
  1420.00  0.850639145613418246E+00  0.850639145578652500E+00  0.414218760840704189E-09  0.387222134082473940E+04
  1410.00  0.830988391088472111E+00  0.830988391060496046E+00  0.333323393592370693E-09  0.384497120803804501E+04
  1400.00  0.810205123483102585E+00  0.810205123460908783E+00  0.264430060581605986E-09  0.381772106414863993E+04
  1390.00  0.788394528566285002E+00  0.788394528548938878E+00  0.206671758370743736E-09  0.379047090825526948E+04
  1380.00  0.765668478144217013E+00  0.765668478130869135E+00  0.159034847034092384E-09  0.376322073936536663E+04
  1370.00  0.742142863678644904E+00  0.742142863668538877E+00  0.120409515737742961E-09  0.373597055637892163E+04
  1360.00  0.717935249682940424E+00  0.717935249675416776E+00  0.896409018856715457E-10  0.370872035807040766E+04
  1350.00  0.693162865728154998E+00  0.693162865722651067E+00  0.655773351139709102E-10  0.368147014306832671E+04
  1340.00  0.667940944768012912E+00  0.667940944764058742E+00  0.471126715494076857E-10  0.365421990983191381E+04
  1330.00  0.642381403634090464E+00  0.642381403631302250E+00  0.332204517619214434E-10  0.362696965662446246E+04
  1320.00  0.616591849635258260E+00  0.616591849633329692E+00  0.229785531283650986E-10  0.359971938148267100E+04
  1310.00  0.590674886310308400E+00  0.590674886309000446E+00  0.155839912370298706E-10  0.357246908218131193E+04
  1300.00  0.564727682514205465E+00  0.564727682513336049E+00  0.103584337978827416E-10  0.354521875619239745E+04
  1290.00  0.538841762809458835E+00  0.538841762808892621E+00  0.674572200404714271E-11  0.351796840063786385E+04
  1280.00  0.513102973836113474E+00  0.513102973835752318E+00  0.430318013711437866E-11  0.349071801223461489E+04
  1270.00  0.487591580858498186E+00  0.487591580858272533E+00  0.268870817906231945E-11  0.346346758723052471E+04
  1260.00  0.462382450700845993E+00  0.462382450700707881E+00  0.164561023830543484E-11  0.343621712132974835E+04
  1250.00  0.437545281309360601E+00  0.437545281309277778E+00  0.986864450288918518E-12  0.340896660960532063E+04
  1240.00  0.413144843679483509E+00  0.413144843679434826E+00  0.580160138473930655E-12  0.338171604639665838E+04
  1230.00  0.389241208334472177E+00  0.389241208334444089E+00  0.334594051644562241E-12  0.335446542518907518E+04
  1220.00  0.365889935452570647E+00  0.365889935452554715E+00  0.189499685959294089E-12  0.332721473847183552E+04
  1210.00  0.343142214700953740E+00  0.343142214700944859E+00  0.105533424891693791E-12  0.329996397757056093E+04
  1200.00  0.321044947505804257E+00  0.321044947505799372E+00  0.578861882688460794E-13  0.327271313244896101E+04
  1190.00  0.299640770601685369E+00  0.299640770601682760E+00  0.313345044786802553E-13  0.324546219147378861E+04
  1180.00  0.278968025056492652E+00  0.278968025056491264E+00  0.167781249839629552E-13  0.321821114113568638E+04
  1170.00  0.259060679413422090E+00  0.259060679413421369E+00  0.891034298561307962E-14  0.319095996571703972E+04
  1160.00  0.239948219030186066E+00  0.239948219030185678E+00  0.470731455168472639E-14  0.316370864689610062E+04
  1150.00  0.221655516073842179E+00  0.221655516073841957E+00  0.248200111700893477E-14  0.313645716327440641E+04
  1140.00  0.204202695934337347E+00  0.204202695934337236E+00  0.131070652647874559E-14  0.310920548981179536E+04
  1130.00  0.187605016079058745E+00  0.187605016079058662E+00  0.917836306264471077E-15  0.308195359715005179E+04
  1120.00  0.171872772652227002E+00  0.171872772652226918E+00  0.917836306264471077E-15  0.305470145080229304E+04
  1110.00  0.157011248533482917E+00  0.157011248533482833E+00  0.917836306264471077E-15  0.302744901018053952E+04
  1100.00  0.143020714251649139E+00  0.143020714251649056E+00  0.917836306264471077E-15  0.300019622742834645E+04
  1090.00  0.129896490274361648E+00  0.129896490274361565E+00  0.917836306264471077E-15  0.297294304601891508E+04
  1080.00  0.117629075955428000E+00  0.117629075955427917E+00  0.917836306264471077E-15  0.294568939907160075E+04
  1070.00  0.106204347023392778E+00  0.106204347023392695E+00  0.917836306264471077E-15  0.291843520733127843E+04
  1060.00  0.956038201392658549E-01  0.956038201392657716E-01  0.917836306264471077E-15  0.289118037674574407E+04
  1050.00  0.858049799268302965E-01  0.858049799268302132E-01  0.917836306264471077E-15  0.286392479556661874E+04
  1040.00  0.767816611476076216E-01  0.767816611476075384E-01  0.917836306264471077E-15  0.283666833088978547E+04
  1030.00  0.685044764812057227E-01  0.685044764812056395E-01  0.917836306264471077E-15  0.280941082454358411E+04
  1020.00  0.609412787654496843E-01  0.609412787654496080E-01  0.917836306264471077E-15  0.278215208822885234E+04
  1010.00  0.540576455901030789E-01  0.540576455901030026E-01  0.917836306264471077E-15  0.275489189781779260E+04
  1000.00  0.478173738208049065E-01  0.478173738208048302E-01  0.917836306264471077E-15  0.272762998673346920E+04
   990.00  0.421829719155764338E-01  0.421829719155763574E-01  0.917836306264471077E-15  0.270036603836555514E+04
   980.00  0.371161387139071555E-01  0.371161387139070792E-01  0.917836306264471077E-15  0.267309967754034278E+04
   970.00  0.325782186360500312E-01  0.325782186360499548E-01  0.917836306264471077E-15  0.264583046116625610E+04
   960.00  0.285306248249234604E-01  0.285306248249233840E-01  0.917836306264471077E-15  0.261855786833437969E+04
   950.00  0.249352235906422845E-01  0.249352235906422082E-01  0.917836306264471077E-15  0.259128129038075667E+04
   940.00  0.217546754796634871E-01  0.217546754796634108E-01  0.917836306264471077E-15  0.256400002172242330E+04
   930.00  0.189527302976832054E-01  0.189527302976831291E-01  0.917836306264471077E-15  0.253671325265742007E+04
   920.00  0.164944753865791556E-01  0.164944753865790793E-01  0.917836306264471077E-15  0.250942006573908156E+04
   910.00  0.143465383103935570E-01  0.143465383103934807E-01  0.917836306264471077E-15  0.248211943772230597E+04
   900.00  0.124772467515315323E-01  0.124772467515314560E-01  0.917836306264471077E-15  0.245481024930308968E+04
   890.00  0.108567497389575798E-01  0.108567497389575034E-01  0.917836306264471077E-15  0.242749130474382628E+04
   880.00  0.945710517770528489E-02  0.945710517770520856E-02  0.917836306264471077E-15  0.240016136278086697E+04
   870.00  0.825233886171821036E-02  0.825233886171813404E-02  0.917836306264471077E-15  0.237281917878490776E+04
   860.00  0.721847960497726867E-02  0.721847960497719147E-02  0.917836306264471077E-15  0.234546355600319794E+04
   850.00  0.633357387341997816E-02  0.633357387341990097E-02  0.917836306264471077E-15  0.231809976819850044E+04
   840.00  0.557768924776936084E-02  0.557768924776928365E-02  0.917836306264471077E-15  0.229071183972563722E+04
   830.00  0.493286523569749953E-02  0.493286523569742234E-02  0.917836306264471077E-15  0.226331171493485499E+04
   820.00  0.438309388989852663E-02  0.438309388989844943E-02  0.917836306264471077E-15  0.223589538475519748E+04
   810.00  0.391424145316579541E-02  0.391424145316571822E-02  0.917836306264471077E-15  0.220846253804842445E+04
   800.00  0.351395497153509121E-02  0.351395497153501402E-02  0.917836306264471077E-15  0.218101294969805394E+04
   790.00  0.317154501690640337E-02  0.317154501690632617E-02  0.917836306264471077E-15  0.215354688292399123E+04
   780.00  0.287784870806669785E-02  0.287784870806662065E-02  0.917836306264471077E-15  0.212606455622857948E+04
   770.00  0.262507892469105407E-02  0.262507892469097687E-02  0.917836306264471077E-15  0.209856625512937308E+04
   760.00  0.240666698776569998E-02  0.240666698776562278E-02  0.917836306264471077E-15  0.207105227008394604E+04
   750.00  0.221710602794131456E-02  0.221710602794123737E-02  0.917836306264471077E-15  0.204352285346560529E+04
   740.00  0.205180126001822073E-02  0.205180126001814353E-02  0.917836306264471077E-15  0.201597818643280789E+04
   730.00  0.190693175211385704E-02  0.190693175211378006E-02  0.917836306264471077E-15  0.198841835642952060E+04
   720.00  0.177932648351260096E-02  0.177932648351252398E-02  0.917836306264471077E-15  0.196084334415896910E+04
   710.00  0.166635586478286555E-02  0.166635586478278857E-02  0.917836306264471077E-15  0.193325301804680862E+04
   700.00  0.156583863150363254E-02  0.156583863150355556E-02  0.917836306264471077E-15  0.190564713403710766E+04
   690.00  0.147596316620966761E-02  0.147596316620959064E-02  0.917836306264471077E-15  0.187802533876284701E+04
   680.00  0.139522181080661833E-02  0.139522181080654136E-02  0.917836306264471077E-15  0.185038717450197146E+04
   670.00  0.132235652211712385E-02  0.132235652211704687E-02  0.917836306264471077E-15  0.182273208473735508E+04
   660.00  0.125631420841207614E-02  0.125631420841199916E-02  0.917836306264471077E-15  0.179505941950895522E+04
   650.00  0.119621018881158189E-02  0.119621018881150491E-02  0.917836306264471077E-15  0.176736844004642444E+04
   640.00  0.114129838299406095E-02  0.114129838299398398E-02  0.917836306264471077E-15  0.173965832239482938E+04
   630.00  0.109094702672657960E-02  0.109094702672650262E-02  0.917836306264471077E-15  0.171192815990314898E+04
   620.00  0.104461889525867685E-02  0.104461889525859987E-02  0.917836306264471077E-15  0.168417696454833117E+04
   610.00  0.100185518840251891E-02  0.100185518840244193E-02  0.917836306264471077E-15  0.165640366713074445E+04
   600.00  0.962262382188789483E-03  0.962262382188712397E-03  0.917836306264471077E-15  0.162860711641184616E+04
   590.00  0.925501480821629813E-03  0.925501480821552727E-03  0.917836306264471077E-15  0.160078607728123143E+04
   580.00  0.891279210230213909E-03  0.891279210230136822E-03  0.917836306264471077E-15  0.157293922804492672E+04
   570.00  0.859340783020011022E-03  0.859340783019933935E-03  0.917836306264471077E-15  0.154506515692483617E+04
   560.00  0.829463936697082973E-03  0.829463936697005886E-03  0.917836306264471077E-15  0.151716235785406070E+04
   550.00  0.801454005312381016E-03  0.801454005312303929E-03  0.917836306264471077E-15  0.148922922564681221E+04
   540.00  0.775139831571268977E-03  0.775139831571191890E-03  0.917836306264471077E-15  0.146126405061643754E+04
   530.00  0.750370364088015582E-03  0.750370364087938496E-03  0.917836306264471077E-15  0.143326501271186521E+04
   520.00  0.727011814618779072E-03  0.727011814618701985E-03  0.917836306264471077E-15  0.140523017524250076E+04
   510.00  0.704945274253183322E-03  0.704945274253106235E-03  0.917836306264471077E-15  0.137715747826499341E+04
   500.00  0.684064706884119451E-03  0.684064706884042364E-03  0.917836306264471077E-15  0.134904473171315726E+04
   490.00  0.664275253775859029E-03  0.664275253775781943E-03  0.917836306264471077E-15  0.132088960836544334E+04
   480.00  0.645491795487548653E-03  0.645491795487471566E-03  0.917836306264471077E-15  0.129268963676361977E+04
   470.00  0.627637727401638605E-03  0.627637727401561519E-03  0.917836306264471077E-15  0.126444219422285710E+04
   460.00  0.610643913147639332E-03  0.610643913147562245E-03  0.917836306264471077E-15  0.123614450010849373E+04
   450.00  0.594447786692816693E-03  0.594447786692739607E-03  0.917836306264471077E-15  0.120779360960001623E+04
   440.00  0.578992579104834469E-03  0.578992579104757382E-03  0.917836306264471077E-15  0.117938640822018829E+04
   430.00  0.564226650225055251E-03  0.564226650224978164E-03  0.917836306264471077E-15  0.115091960747918552E+04
   420.00  0.550102908922831002E-03  0.550102908922753915E-03  0.917836306264471077E-15  0.112238974207301226E+04
   410.00  0.536578308388198344E-03  0.536578308388121258E-03  0.917836306264471077E-15  0.109379316918590098E+04
   400.00  0.523613405188689380E-03  0.523613405188612293E-03  0.917836306264471077E-15  0.106512607058215372E+04
   390.00  0.511171972665908363E-03  0.511171972665831276E-03  0.917836306264471077E-15  0.103638445833910600E+04
   380.00  0.499220660759404963E-03  0.499220660759327876E-03  0.917836306264471077E-15  0.100756418527575772E+04
   370.00  0.487728695583393174E-03  0.487728695583316142E-03  0.917836306264471077E-15  0.978660961378376896E+03
   360.00  0.476667613097349970E-03  0.476667613097272937E-03  0.917836306264471077E-15  0.949670377823688113E+03
   350.00  0.466011022045465504E-03  0.466011022045388472E-03  0.917836306264471077E-15  0.920587940562098424E+03
   340.00  0.455734392024955098E-03  0.455734392024878066E-03  0.917836306264471077E-15  0.891409115859428766E+03
   330.00  0.445814863105255775E-03  0.445814863105178742E-03  0.917836306264471077E-15  0.862129390719076696E+03
   320.00  0.436231073879458518E-03  0.436231073879381486E-03  0.917836306264471077E-15  0.832744351732398627E+03
   310.00  0.426963005201683253E-03  0.426963005201606220E-03  0.917836306264471077E-15  0.803249786649925682E+03
   300.00  0.417991837161291505E-03  0.417991837161214473E-03  0.917836306264471077E-15  0.773641813847684944E+03
   290.00  0.409299817075217068E-03  0.409299817075140036E-03  0.917836306264471077E-15  0.743917045900031326E+03
   280.00  0.400870136448464888E-03  0.400870136448387856E-03  0.917836306264471077E-15  0.714072794681489313E+03
   270.00  0.392686814962077749E-03  0.392686814962000716E-03  0.917836306264471077E-15  0.684107326821974880E+03
   260.00  0.384734589596391532E-03  0.384734589596314499E-03  0.917836306264471077E-15  0.654020179945299105E+03
   250.00  0.376998806980193902E-03  0.376998806980116869E-03  0.917836306264471077E-15  0.623812551935656415E+03
   240.00  0.369465316963755671E-03  0.369465316963678639E-03  0.917836306264471077E-15  0.593487777494370221E+03
   230.00  0.362120365229610670E-03  0.362120365229533637E-03  0.917836306264471077E-15  0.563051908444230889E+03
   220.00  0.354950482454688540E-03  0.354950482454611507E-03  0.917836306264471077E-15  0.532514416557880963E+03
   210.00  0.347942367083509270E-03  0.347942367083432238E-03  0.917836306264471077E-15  0.501889040035855203E+03
   200.00  0.341082758108322251E-03  0.341082758108245219E-03  0.917836306264471077E-15  0.471194796987556742E+03
   190.00  0.334358293293156024E-03  0.334358293293078991E-03  0.917836306264471077E-15  0.440457191143792329E+03
   180.00  0.327755346894564013E-03  0.327755346894486981E-03  0.917836306264471077E-15  0.409709636213778822E+03
   170.00  0.321259838920390955E-03  0.321259838920313922E-03  0.917836306264471077E-15  0.378995125310141418E+03
   160.00  0.314857005009712627E-03  0.314857005009635594E-03  0.917836306264471077E-15  0.348368170030616341E+03
   150.00  0.308531111596072245E-03  0.308531111595995212E-03  0.917836306264471077E-15  0.317897029188727174E+03
   140.00  0.302265094277225262E-03  0.302265094277148229E-03  0.917836306264471077E-15  0.287666238600153292E+03
   130.00  0.296040086800965685E-03  0.296040086800888652E-03  0.917836306264471077E-15  0.257779439139230476E+03
   120.00  0.289834791225416285E-03  0.289834791225339252E-03  0.917836306264471077E-15  0.228362478381322916E+03
   110.00  0.283624611948197364E-03  0.283624611948120331E-03  0.917836306264471077E-15  0.199566728853286037E+03
   100.00  0.277380428531017235E-03  0.277380428530940202E-03  0.917836306264471077E-15  0.171572519822323301E+03
    90.00  0.271066796831890221E-03  0.271066796831813189E-03  0.917836306264471077E-15  0.144592515382380014E+03
    80.00  0.264639207438118656E-03  0.264639207438041623E-03  0.917836306264471077E-15  0.118874783947910828E+03
    70.00  0.258039710207436915E-03  0.258039710207359882E-03  0.917836306264471077E-15  0.947051861862700832E+02
    60.00  0.251189526828117613E-03  0.251189526828040580E-03  0.917836306264471077E-15  0.724085504814138119E+02
    50.00  0.243975658960038589E-03  0.243975658959961556E-03  0.917836306264471077E-15  0.523478930873959953E+02
    40.00  0.236224228871634285E-03  0.236224228871557252E-03  0.917836306264471077E-15  0.349206495406958197E+02
    30.00  0.227640014124034335E-03  0.227640014123957303E-03  0.917836306264471077E-15  0.205504628055323266E+02
    20.00  0.217639287421057245E-03  0.217639287420980213E-03  0.917836306264471077E-15  0.967238860814781276E+01
    10.00  0.204692784035051181E-03  0.204692784034974149E-03  0.917836306264471077E-15  0.270799483500402527E+01
     0.00  0.180295078563200292E-03  0.180295078563123259E-03  0.917836306264471077E-15  0.226425214226649574E-01
